player_id,first_name,last_name,full_name,position,team,jersey,headshot_url
8479525,Ross,Colton,Ross Colton,C,COL,20.0,https://assets.nhle.com/mugs/nhl/20242025/COL/8479525.png
8477494,Jonathan,Drouin,Jonathan Drouin,L,COL,27.0,https://assets.nhle.com/mugs/nhl/20242025/COL/8477494.png
8480835,Jack,Drury,Jack Drury,C,COL,18.0,https://assets.nhle.com/mugs/nhl/20242025/COL/8480835.png
8480448,Parker,Kelly,Parker Kelly,C,COL,17.0,https://assets.nhle.com/mugs/nhl/20242025/COL/8480448.png
8481641,Joel,Kiviranta,Joel Kiviranta,L,COL,94.0,https://assets.nhle.com/mugs/nhl/20242025/COL/8481641.png
8476455,Gabriel,Landeskog,Gabriel Landeskog,L,COL,92.0,https://assets.nhle.com/mugs/nhl/20242025/COL/8476455.png
8477476,Artturi,Lehkonen,Artturi Lehkonen,L,COL,62.0,https://assets.nhle.com/mugs/nhl/20242025/COL/8477476.png
8477492,Nathan,MacKinnon,Nathan MacKinnon,C,COL,29.0,https://assets.nhle.com/mugs/nhl/20242025/COL/8477492.png
8480039,Martin,Necas,Martin Necas,C,COL,88.0,https://assets.nhle.com/mugs/nhl/20242025/COL/8480039.png
8475754,Brock,Nelson,Brock Nelson,C,COL,11.0,https://assets.nhle.com/mugs/nhl/20242025/COL/8475754.png
8477501,Valeri,Nichushkin,Valeri Nichushkin,R,COL,13.0,https://assets.nhle.com/mugs/nhl/20242025/COL/8477501.png
8481186,Logan,O'Connor,Logan O'Connor,R,COL,25.0,https://assets.nhle.com/mugs/nhl/20242025/COL/8481186.png
8476918,Jimmy,Vesey,Jimmy Vesey,L,COL,26.0,https://assets.nhle.com/mugs/nhl/20242025/COL/8476918.png
8479398,Samuel,Girard,Samuel Girard,D,COL,49.0,https://assets.nhle.com/mugs/nhl/20242025/COL/8479398.png
8473446,Erik,Johnson,Erik Johnson,D,COL,6.0,https://assets.nhle.com/mugs/nhl/20242025/COL/8473446.png
8479324,Ryan,Lindgren,Ryan Lindgren,D,COL,55.0,https://assets.nhle.com/mugs/nhl/20242025/COL/8479324.png
8480069,Cale,Makar,Cale Makar,D,COL,8.0,https://assets.nhle.com/mugs/nhl/20242025/COL/8480069.png
8484258,Sam,Malinski,Sam Malinski,D,COL,70.0,https://assets.nhle.com/mugs/nhl/20242025/COL/8484258.png
8476312,Josh,Manson,Josh Manson,D,COL,42.0,https://assets.nhle.com/mugs/nhl/20242025/COL/8476312.png
8479387,Keaton,Middleton,Keaton Middleton,D,COL,67.0,https://assets.nhle.com/mugs/nhl/20242025/COL/8479387.png
8478038,Devon,Toews,Devon Toews,D,COL,7.0,https://assets.nhle.com/mugs/nhl/20242025/COL/8478038.png
8478406,Mackenzie,Blackwood,Mackenzie Blackwood,G,COL,39.0,https://assets.nhle.com/mugs/nhl/20242025/COL/8478406.png
8475809,Scott,Wedgewood,Scott Wedgewood,G,COL,41.0,https://assets.nhle.com/mugs/nhl/20242025/COL/8475809.png
8473994,Jamie,Benn,Jamie Benn,L,DAL,14.0,https://assets.nhle.com/mugs/nhl/20242025/DAL/8473994.png
8476278,Colin,Blackwell,Colin Blackwell,C,DAL,15.0,https://assets.nhle.com/mugs/nhl/20242025/DAL/8476278.png
8482145,Mavrik,Bourque,Mavrik Bourque,C,DAL,22.0,https://assets.nhle.com/mugs/nhl/20242025/DAL/8482145.png
8480840,Oskar,Bäck,Oskar Bäck,C,DAL,10.0,https://assets.nhle.com/mugs/nhl/20242025/DAL/8480840.png
8474149,Evgenii,Dadonov,Evgenii Dadonov,R,DAL,63.0,https://assets.nhle.com/mugs/nhl/20242025/DAL/8474149.png
8475168,Matt,Duchene,Matt Duchene,C,DAL,95.0,https://assets.nhle.com/mugs/nhl/20242025/DAL/8475168.png
8475798,Mikael,Granlund,Mikael Granlund,C,DAL,64.0,https://assets.nhle.com/mugs/nhl/20242025/DAL/8475798.png
8478449,Roope,Hintz,Roope Hintz,C,DAL,24.0,https://assets.nhle.com/mugs/nhl/20242025/DAL/8478449.png
8482740,Wyatt,Johnston,Wyatt Johnston,C,DAL,53.0,https://assets.nhle.com/mugs/nhl/20242025/DAL/8482740.png
8478420,Mikko,Rantanen,Mikko Rantanen,R,DAL,96.0,https://assets.nhle.com/mugs/nhl/20242025/DAL/8478420.png
8480027,Jason,Robertson,Jason Robertson,L,DAL,21.0,https://assets.nhle.com/mugs/nhl/20242025/DAL/8480027.png
8475794,Tyler,Seguin,Tyler Seguin,C,DAL,91.0,https://assets.nhle.com/mugs/nhl/20242025/DAL/8475794.png
8479351,Sam,Steel,Sam Steel,C,DAL,18.0,https://assets.nhle.com/mugs/nhl/20242025/DAL/8479351.png
8483425,Lian,Bichsel,Lian Bichsel,D,DAL,6.0,https://assets.nhle.com/mugs/nhl/20242025/DAL/8483425.png
8476879,Cody,Ceci,Cody Ceci,D,DAL,44.0,https://assets.nhle.com/mugs/nhl/20242025/DAL/8476879.png
8476856,Mathew,Dumba,Mathew Dumba,D,DAL,3.0,https://assets.nhle.com/mugs/nhl/20242025/DAL/8476856.png
8481581,Thomas,Harley,Thomas Harley,D,DAL,55.0,https://assets.nhle.com/mugs/nhl/20242025/DAL/8481581.png
8480036,Miro,Heiskanen,Miro Heiskanen,D,DAL,4.0,https://assets.nhle.com/mugs/nhl/20242025/DAL/8480036.png
8476902,Esa,Lindell,Esa Lindell,D,DAL,23.0,https://assets.nhle.com/mugs/nhl/20242025/DAL/8476902.png
8480878,Nils,Lundkvist,Nils Lundkvist,D,DAL,5.0,https://assets.nhle.com/mugs/nhl/20242025/DAL/8480878.png
8480950,Ilya,Lyubushkin,Ilya Lyubushkin,D,DAL,46.0,https://assets.nhle.com/mugs/nhl/20242025/DAL/8480950.png
8474090,Brendan,Smith,Brendan Smith,D,DAL,2.0,https://assets.nhle.com/mugs/nhl/20242025/DAL/8474090.png
8479193,Casey,DeSmith,Casey DeSmith,G,DAL,1.0,https://assets.nhle.com/mugs/nhl/20242025/DAL/8479193.png
8479979,Jake,Oettinger,Jake Oettinger,G,DAL,29.0,https://assets.nhle.com/mugs/nhl/20242025/DAL/8479979.png
8478427,Sebastian,Aho,Sebastian Aho,C,CAR,20.0,https://assets.nhle.com/mugs/nhl/20242025/CAR/8478427.png
8482809,Jackson,Blake,Jackson Blake,R,CAR,53.0,https://assets.nhle.com/mugs/nhl/20242025/CAR/8482809.png
8477478,William,Carrier,William Carrier,L,CAR,28.0,https://assets.nhle.com/mugs/nhl/20242025/CAR/8477478.png
8475791,Taylor,Hall,Taylor Hall,L,CAR,71.0,https://assets.nhle.com/mugs/nhl/20242025/CAR/8475791.png
8484929,Juha,Jaaska,Juha Jaaska,L,CAR,54.0,https://assets.nhle.com/mugs/nhl/20242025/CAR/8484929.png
8476873,Mark,Jankowski,Mark Jankowski,C,CAR,77.0,https://assets.nhle.com/mugs/nhl/20242025/CAR/8476873.png
8482093,Seth,Jarvis,Seth Jarvis,C,CAR,24.0,https://assets.nhle.com/mugs/nhl/20242025/CAR/8482093.png
8479370,Tyson,Jost,Tyson Jost,C,CAR,27.0,https://assets.nhle.com/mugs/nhl/20242025/CAR/8479370.png
8480829,Jesperi,Kotkaniemi,Jesperi Kotkaniemi,C,CAR,82.0,https://assets.nhle.com/mugs/nhl/20242025/CAR/8480829.png
8476921,Jordan,Martinook,Jordan Martinook,L,CAR,48.0,https://assets.nhle.com/mugs/nhl/20242025/CAR/8476921.png
8480762,Eric,Robinson,Eric Robinson,L,CAR,50.0,https://assets.nhle.com/mugs/nhl/20242025/CAR/8480762.png
8478458,Jack,Roslovic,Jack Roslovic,C,CAR,96.0,https://assets.nhle.com/mugs/nhl/20242025/CAR/8478458.png
8473533,Jordan,Staal,Jordan Staal,C,CAR,11.0,https://assets.nhle.com/mugs/nhl/20242025/CAR/8473533.png
8482702,Logan,Stankoven,Logan Stankoven,C,CAR,22.0,https://assets.nhle.com/mugs/nhl/20242025/CAR/8482702.png
8480830,Andrei,Svechnikov,Andrei Svechnikov,R,CAR,37.0,https://assets.nhle.com/mugs/nhl/20242025/CAR/8480830.png
8470613,Brent,Burns,Brent Burns,D,CAR,8.0,https://assets.nhle.com/mugs/nhl/20242025/CAR/8470613.png
8478970,Jalen,Chatfield,Jalen Chatfield,D,CAR,5.0,https://assets.nhle.com/mugs/nhl/20242025/CAR/8478970.png
8476906,Shayne,Gostisbehere,Shayne Gostisbehere,D,CAR,4.0,https://assets.nhle.com/mugs/nhl/20242025/CAR/8476906.png
8482666,Scott,Morrow,Scott Morrow,D,CAR,56.0,https://assets.nhle.com/mugs/nhl/20242025/CAR/8482666.png
8482100,Alexander,Nikishin,Alexander Nikishin,D,CAR,21.0,https://assets.nhle.com/mugs/nhl/20242025/CAR/8482100.png
8475200,Dmitry,Orlov,Dmitry Orlov,D,CAR,7.0,https://assets.nhle.com/mugs/nhl/20242025/CAR/8475200.png
8476958,Jaccob,Slavin,Jaccob Slavin,D,CAR,74.0,https://assets.nhle.com/mugs/nhl/20242025/CAR/8476958.png
8480883,Ty,Smith,Ty Smith,D,CAR,42.0,https://assets.nhle.com/mugs/nhl/20242025/CAR/8480883.png
8479388,Riley,Stillman,Riley Stillman,D,CAR,61.0,https://assets.nhle.com/mugs/nhl/20242025/CAR/8479388.png
8480336,Sean,Walker,Sean Walker,D,CAR,26.0,https://assets.nhle.com/mugs/nhl/20242025/CAR/8480336.png
8475883,Frederik,Andersen,Frederik Andersen,G,CAR,31.0,https://assets.nhle.com/mugs/nhl/20242025/CAR/8475883.png
8481611,Pyotr,Kochetkov,Pyotr Kochetkov,G,CAR,52.0,https://assets.nhle.com/mugs/nhl/20242025/CAR/8481611.png
8482895,Nikita,Quapp,Nikita Quapp,G,CAR,,https://assets.nhle.com/mugs/nhl/20242025/CAR/8482895.png
8481557,Matt,Boldy,Matt Boldy,L,MIN,12.0,https://assets.nhle.com/mugs/nhl/20242025/MIN/8481557.png
8476329,Travis,Boyd,Travis Boyd,C,MIN,72.0,https://assets.nhle.com/mugs/nhl/20242025/MIN/8476329.png
8479638,Justin,Brazeau,Justin Brazeau,R,MIN,15.0,https://assets.nhle.com/mugs/nhl/20242025/MIN/8479638.png
8478493,Joel,Eriksson Ek,Joel Eriksson Ek,C,MIN,14.0,https://assets.nhle.com/mugs/nhl/20242025/MIN/8478493.png
8475220,Marcus,Foligno,Marcus Foligno,L,MIN,17.0,https://assets.nhle.com/mugs/nhl/20242025/MIN/8475220.png
8483452,Hunter,Haight,Hunter Haight,C,MIN,43.0,https://assets.nhle.com/mugs/nhl/20242025/MIN/8483452.png
8477451,Ryan,Hartman,Ryan Hartman,R,MIN,38.0,https://assets.nhle.com/mugs/nhl/20242025/MIN/8477451.png
8476994,Vinnie,Hinostroza,Vinnie Hinostroza,C,MIN,18.0,https://assets.nhle.com/mugs/nhl/20242025/MIN/8476994.png
8475149,Marcus,Johansson,Marcus Johansson,L,MIN,90.0,https://assets.nhle.com/mugs/nhl/20242025/MIN/8475149.png
8480259,Ben,Jones,Ben Jones,C,MIN,39.0,https://assets.nhle.com/mugs/nhl/20242025/MIN/8480259.png
8478864,Kirill,Kaprizov,Kirill Kaprizov,L,MIN,97.0,https://assets.nhle.com/mugs/nhl/20242025/MIN/8478864.png
8474679,Gustav,Nyquist,Gustav Nyquist,C,MIN,41.0,https://assets.nhle.com/mugs/nhl/20242025/MIN/8474679.png
8483499,Liam,Ohgren,Liam Ohgren,L,MIN,28.0,https://assets.nhle.com/mugs/nhl/20242025/MIN/8483499.png
8482079,Marco,Rossi,Marco Rossi,C,MIN,23.0,https://assets.nhle.com/mugs/nhl/20242025/MIN/8482079.png
8476913,Devin,Shore,Devin Shore,C,MIN,19.0,https://assets.nhle.com/mugs/nhl/20242025/MIN/8476913.png
8475765,Vladimir,Tarasenko,Vladimir Tarasenko,R,MIN,,https://assets.nhle.com/mugs/nhl/20242025/MIN/8475765.png
8478508,Yakov,Trenin,Yakov Trenin,C,MIN,13.0,https://assets.nhle.com/mugs/nhl/20242025/MIN/8478508.png
8475692,Mats,Zuccarello,Mats Zuccarello,R,MIN,36.0,https://assets.nhle.com/mugs/nhl/20242025/MIN/8475692.png
8474567,Zach,Bogosian,Zach Bogosian,D,MIN,24.0,https://assets.nhle.com/mugs/nhl/20242025/MIN/8474567.png
8476463,Jonas,Brodin,Jonas Brodin,D,MIN,25.0,https://assets.nhle.com/mugs/nhl/20242025/MIN/8476463.png
8484798,Zeev,Buium,Zeev Buium,D,MIN,8.0,https://assets.nhle.com/mugs/nhl/20242025/MIN/8484798.png
8480075,Cameron,Crotty,Cameron Crotty,D,MIN,34.0,https://assets.nhle.com/mugs/nhl/20242025/MIN/8480075.png
8482122,Brock,Faber,Brock Faber,D,MIN,7.0,https://assets.nhle.com/mugs/nhl/20242025/MIN/8482122.png
8482781,Carson,Lambos,Carson Lambos,D,MIN,71.0,https://assets.nhle.com/mugs/nhl/20242025/MIN/8482781.png
8475750,Jon,Merrill,Jon Merrill,D,MIN,4.0,https://assets.nhle.com/mugs/nhl/20242025/MIN/8475750.png
8478136,Jake,Middleton,Jake Middleton,D,MIN,5.0,https://assets.nhle.com/mugs/nhl/20242025/MIN/8478136.png
8474716,Jared,Spurgeon,Jared Spurgeon,D,MIN,46.0,https://assets.nhle.com/mugs/nhl/20242025/MIN/8474716.png
8470594,Marc-Andre,Fleury,Marc-Andre Fleury,G,MIN,29.0,https://assets.nhle.com/mugs/nhl/20242025/MIN/8470594.png
8479406,Filip,Gustavsson,Filip Gustavsson,G,MIN,32.0,https://assets.nhle.com/mugs/nhl/20242025/MIN/8479406.png
8482661,Jesper,Wallstedt,Jesper Wallstedt,G,MIN,30.0,https://assets.nhle.com/mugs/nhl/20242025/MIN/8482661.png
8484145,Zach,Benson,Zach Benson,L,BUF,9.0,https://assets.nhle.com/mugs/nhl/20242025/BUF/8484145.png
8482659,Josh,Doan,Josh Doan,R,BUF,,https://assets.nhle.com/mugs/nhl/20242025/BUF/8482659.png
8478413,Jordan,Greenway,Jordan Greenway,L,BUF,12.0,https://assets.nhle.com/mugs/nhl/20242025/BUF/8478413.png
8481522,Peyton,Krebs,Peyton Krebs,C,BUF,19.0,https://assets.nhle.com/mugs/nhl/20242025/BUF/8481522.png
8478043,Sam,Lafferty,Sam Lafferty,C,BUF,81.0,https://assets.nhle.com/mugs/nhl/20242025/BUF/8478043.png
8479359,Beck,Malenstyn,Beck Malenstyn,L,BUF,29.0,https://assets.nhle.com/mugs/nhl/20242025/BUF/8479359.png
8480802,Ryan,McLeod,Ryan McLeod,C,BUF,71.0,https://assets.nhle.com/mugs/nhl/20242025/BUF/8480802.png
8480064,Josh,Norris,Josh Norris,C,BUF,13.0,https://assets.nhle.com/mugs/nhl/20242025/BUF/8480064.png
8482097,Jack,Quinn,Jack Quinn,R,BUF,22.0,https://assets.nhle.com/mugs/nhl/20242025/BUF/8482097.png
8479420,Tage,Thompson,Tage Thompson,C,BUF,72.0,https://assets.nhle.com/mugs/nhl/20242025/BUF/8479420.png
8477949,Alex,Tuch,Alex Tuch,R,BUF,89.0,https://assets.nhle.com/mugs/nhl/20242025/BUF/8477949.png
8475722,Jason,Zucker,Jason Zucker,L,BUF,17.0,https://assets.nhle.com/mugs/nhl/20242025/BUF/8475722.png
8480879,Jacob,Bernard-Docker,Jacob Bernard-Docker,D,BUF,24.0,https://assets.nhle.com/mugs/nhl/20242025/BUF/8480879.png
8480196,Jacob,Bryson,Jacob Bryson,D,BUF,78.0,https://assets.nhle.com/mugs/nhl/20242025/BUF/8480196.png
8481524,Bowen,Byram,Bowen Byram,D,BUF,4.0,https://assets.nhle.com/mugs/nhl/20242025/BUF/8481524.png
8480839,Rasmus,Dahlin,Rasmus Dahlin,D,BUF,26.0,https://assets.nhle.com/mugs/nhl/20242025/BUF/8480839.png
8480891,Michael,Kesselring,Michael Kesselring,D,BUF,8.0,https://assets.nhle.com/mugs/nhl/20242025/BUF/8480891.png
8482671,Owen,Power,Owen Power,D,BUF,25.0,https://assets.nhle.com/mugs/nhl/20242025/BUF/8482671.png
8480807,Mattias,Samuelsson,Mattias Samuelsson,D,BUF,23.0,https://assets.nhle.com/mugs/nhl/20242025/BUF/8480807.png
8479982,Conor,Timmins,Conor Timmins,D,BUF,,https://assets.nhle.com/mugs/nhl/20242025/BUF/8479982.png
8480045,Ukko-Pekka,Luukkonen,Ukko-Pekka Luukkonen,G,BUF,1.0,https://assets.nhle.com/mugs/nhl/20242025/BUF/8480045.png
8473503,James,Reimer,James Reimer,G,BUF,47.0,https://assets.nhle.com/mugs/nhl/20242025/BUF/8473503.png
8474715,Cam,Atkinson,Cam Atkinson,R,TBL,13.0,https://assets.nhle.com/mugs/nhl/20242025/TBL/8474715.png
8477416,Oliver,Bjorkstrand,Oliver Bjorkstrand,R,TBL,22.0,https://assets.nhle.com/mugs/nhl/20242025/TBL/8477416.png
8482070,Mitchell,Chaffee,Mitchell Chaffee,R,TBL,41.0,https://assets.nhle.com/mugs/nhl/20242025/TBL/8482070.png
8478519,Anthony,Cirelli,Anthony Cirelli,C,TBL,71.0,https://assets.nhle.com/mugs/nhl/20242025/TBL/8478519.png
8476878,Zemgus,Girgensons,Zemgus Girgensons,C,TBL,28.0,https://assets.nhle.com/mugs/nhl/20242025/TBL/8476878.png
8476822,Luke,Glendening,Luke Glendening,C,TBL,11.0,https://assets.nhle.com/mugs/nhl/20242025/TBL/8476822.png
8482201,Gage,Goncalves,Gage Goncalves,C,TBL,93.0,https://assets.nhle.com/mugs/nhl/20242025/TBL/8482201.png
8476826,Yanni,Gourde,Yanni Gourde,C,TBL,37.0,https://assets.nhle.com/mugs/nhl/20242025/TBL/8476826.png
8477404,Jake,Guentzel,Jake Guentzel,C,TBL,59.0,https://assets.nhle.com/mugs/nhl/20242025/TBL/8477404.png
8479542,Brandon,Hagel,Brandon Hagel,L,TBL,38.0,https://assets.nhle.com/mugs/nhl/20242025/TBL/8479542.png
8476453,Nikita,Kucherov,Nikita Kucherov,R,TBL,86.0,https://assets.nhle.com/mugs/nhl/20242025/TBL/8476453.png
8477426,Nick,Paul,Nick Paul,L,TBL,20.0,https://assets.nhle.com/mugs/nhl/20242025/TBL/8477426.png
8478010,Brayden,Point,Brayden Point,C,TBL,21.0,https://assets.nhle.com/mugs/nhl/20242025/TBL/8478010.png
8478416,Erik,Cernak,Erik Cernak,D,TBL,81.0,https://assets.nhle.com/mugs/nhl/20242025/TBL/8478416.png
8475167,Victor,Hedman,Victor Hedman,D,TBL,77.0,https://assets.nhle.com/mugs/nhl/20242025/TBL/8475167.png
8482929,Emil,Lilleberg,Emil Lilleberg,D,TBL,78.0,https://assets.nhle.com/mugs/nhl/20242025/TBL/8482929.png
8474151,Ryan,McDonagh,Ryan McDonagh,D,TBL,27.0,https://assets.nhle.com/mugs/nhl/20242025/TBL/8474151.png
8482655,J.J.,Moser,J.J. Moser,D,TBL,90.0,https://assets.nhle.com/mugs/nhl/20242025/TBL/8482655.png
8480246,Nick,Perbix,Nick Perbix,D,TBL,48.0,https://assets.nhle.com/mugs/nhl/20242025/TBL/8480246.png
8478178,Darren,Raddysh,Darren Raddysh,D,TBL,43.0,https://assets.nhle.com/mugs/nhl/20242025/TBL/8478178.png
8477992,Jonas,Johansson,Jonas Johansson,G,TBL,31.0,https://assets.nhle.com/mugs/nhl/20242025/TBL/8477992.png
8476883,Andrei,Vasilevskiy,Andrei Vasilevskiy,G,TBL,88.0,https://assets.nhle.com/mugs/nhl/20242025/TBL/8476883.png
8476981,Josh,Anderson,Josh Anderson,R,MTL,17.0,https://assets.nhle.com/mugs/nhl/20242025/MTL/8476981.png
8476469,Joel,Armia,Joel Armia,R,MTL,40.0,https://assets.nhle.com/mugs/nhl/20242025/MTL/8476469.png
8481540,Cole,Caufield,Cole Caufield,R,MTL,13.0,https://assets.nhle.com/mugs/nhl/20242025/MTL/8481540.png
8481523,Kirby,Dach,Kirby Dach,C,MTL,77.0,https://assets.nhle.com/mugs/nhl/20242025/MTL/8481523.png
8484984,Ivan,Demidov,Ivan Demidov,R,MTL,93.0,https://assets.nhle.com/mugs/nhl/20242025/MTL/8484984.png
8477989,Christian,Dvorak,Christian Dvorak,C,MTL,28.0,https://assets.nhle.com/mugs/nhl/20242025/MTL/8477989.png
8478133,Jake,Evans,Jake Evans,C,MTL,71.0,https://assets.nhle.com/mugs/nhl/20242025/MTL/8478133.png
8475848,Brendan,Gallagher,Brendan Gallagher,R,MTL,11.0,https://assets.nhle.com/mugs/nhl/20242025/MTL/8475848.png
8479339,Patrik,Laine,Patrik Laine,R,MTL,92.0,https://assets.nhle.com/mugs/nhl/20242025/MTL/8479339.png
8481618,Alex,Newhook,Alex Newhook,C,MTL,15.0,https://assets.nhle.com/mugs/nhl/20242025/MTL/8481618.png
8479543,Michael,Pezzetta,Michael Pezzetta,L,MTL,55.0,https://assets.nhle.com/mugs/nhl/20242025/MTL/8479543.png
8483515,Juraj,Slafkovský,Juraj Slafkovský,L,MTL,20.0,https://assets.nhle.com/mugs/nhl/20242025/MTL/8483515.png
8480018,Nick,Suzuki,Nick Suzuki,C,MTL,14.0,https://assets.nhle.com/mugs/nhl/20242025/MTL/8480018.png
8478851,Alexandre,Carrier,Alexandre Carrier,D,MTL,45.0,https://assets.nhle.com/mugs/nhl/20242025/MTL/8478851.png
8480865,Noah,Dobson,Noah Dobson,D,MTL,53.0,https://assets.nhle.com/mugs/nhl/20242025/MTL/8480865.png
8482087,Kaiden,Guhle,Kaiden Guhle,D,MTL,21.0,https://assets.nhle.com/mugs/nhl/20242025/MTL/8482087.png
8483457,Lane,Hutson,Lane Hutson,D,MTL,48.0,https://assets.nhle.com/mugs/nhl/20242025/MTL/8483457.png
8476875,Mike,Matheson,Mike Matheson,D,MTL,8.0,https://assets.nhle.com/mugs/nhl/20242025/MTL/8476875.png
8475233,David,Savard,David Savard,D,MTL,58.0,https://assets.nhle.com/mugs/nhl/20242025/MTL/8475233.png
8481593,Jayden,Struble,Jayden Struble,D,MTL,47.0,https://assets.nhle.com/mugs/nhl/20242025/MTL/8481593.png
8482964,Arber,Xhekaj,Arber Xhekaj,D,MTL,72.0,https://assets.nhle.com/mugs/nhl/20242025/MTL/8482964.png
8482487,Jakub,Dobes,Jakub Dobes,G,MTL,75.0,https://assets.nhle.com/mugs/nhl/20242025/MTL/8482487.png
8478470,Samuel,Montembeault,Samuel Montembeault,G,MTL,35.0,https://assets.nhle.com/mugs/nhl/20242025/MTL/8478470.png
8478569,Noel,Acciari,Noel Acciari,C,PIT,55.0,https://assets.nhle.com/mugs/nhl/20242025/PIT/8478569.png
8471675,Sidney,Crosby,Sidney Crosby,C,PIT,87.0,https://assets.nhle.com/mugs/nhl/20242025/PIT/8471675.png
8480980,Connor,Dewar,Connor Dewar,C,PIT,19.0,https://assets.nhle.com/mugs/nhl/20242025/PIT/8480980.png
8475763,Kevin,Hayes,Kevin Hayes,R,PIT,13.0,https://assets.nhle.com/mugs/nhl/20242025/PIT/8475763.png
8478046,Danton,Heinen,Danton Heinen,L,PIT,43.0,https://assets.nhle.com/mugs/nhl/20242025/PIT/8478046.png
8478147,Bokondji,Imama,Bokondji Imama,L,PIT,14.0,https://assets.nhle.com/mugs/nhl/20242025/PIT/8478147.png
8481481,Blake,Lizotte,Blake Lizotte,C,PIT,46.0,https://assets.nhle.com/mugs/nhl/20242025/PIT/8481481.png
8471215,Evgeni,Malkin,Evgeni Malkin,C,PIT,71.0,https://assets.nhle.com/mugs/nhl/20242025/PIT/8471215.png
8483487,Rutger,McGroarty,Rutger McGroarty,R,PIT,2.0,https://assets.nhle.com/mugs/nhl/20242025/PIT/8483487.png
8476442,Matt,Nieto,Matt Nieto,L,PIT,83.0,https://assets.nhle.com/mugs/nhl/20242025/PIT/8476442.png
8478438,Tommy,Novak,Tommy Novak,C,PIT,18.0,https://assets.nhle.com/mugs/nhl/20242025/PIT/8478438.png
8476483,Rickard,Rakell,Rickard Rakell,R,PIT,67.0,https://assets.nhle.com/mugs/nhl/20242025/PIT/8476483.png
8475810,Bryan,Rust,Bryan Rust,R,PIT,17.0,https://assets.nhle.com/mugs/nhl/20242025/PIT/8475810.png
8481577,Philip,Tomasino,Philip Tomasino,C,PIT,53.0,https://assets.nhle.com/mugs/nhl/20242025/PIT/8481577.png
8477365,Connor,Clifton,Connor Clifton,D,PIT,75.0,https://assets.nhle.com/mugs/nhl/20242025/PIT/8477365.png
8477435,Ryan,Graves,Ryan Graves,D,PIT,27.0,https://assets.nhle.com/mugs/nhl/20242025/PIT/8477435.png
8476891,Matt,Grzelcyk,Matt Grzelcyk,D,PIT,24.0,https://assets.nhle.com/mugs/nhl/20242025/PIT/8476891.png
8480058,Pierre-Olivier,Joseph,Pierre-Olivier Joseph,D,PIT,73.0,https://assets.nhle.com/mugs/nhl/20242025/PIT/8480058.png
8474578,Erik,Karlsson,Erik Karlsson,D,PIT,65.0,https://assets.nhle.com/mugs/nhl/20242025/PIT/8474578.png
8481609,Vladislav,Kolyachonok,Vladislav Kolyachonok,D,PIT,23.0,https://assets.nhle.com/mugs/nhl/20242025/PIT/8481609.png
8471724,Kris,Letang,Kris Letang,D,PIT,58.0,https://assets.nhle.com/mugs/nhl/20242025/PIT/8471724.png
8478854,Ryan,Shea,Ryan Shea,D,PIT,5.0,https://assets.nhle.com/mugs/nhl/20242025/PIT/8478854.png
8477465,Tristan,Jarry,Tristan Jarry,G,PIT,35.0,https://assets.nhle.com/mugs/nhl/20242025/PIT/8477465.png
8477968,Alex,Nedeljkovic,Alex Nedeljkovic,G,PIT,39.0,https://assets.nhle.com/mugs/nhl/20242025/PIT/8477968.png
8481013,Jonatan,Berggren,Jonatan Berggren,R,DET,48.0,https://assets.nhle.com/mugs/nhl/20242025/DET/8481013.png
8477456,J.T.,Compher,J.T. Compher,L,DET,37.0,https://assets.nhle.com/mugs/nhl/20242025/DET/8477456.png
8477429,Andrew,Copp,Andrew Copp,C,DET,18.0,https://assets.nhle.com/mugs/nhl/20242025/DET/8477429.png
8479337,Alex,DeBrincat,Alex DeBrincat,R,DET,93.0,https://assets.nhle.com/mugs/nhl/20242025/DET/8479337.png
8474141,Patrick,Kane,Patrick Kane,R,DET,88.0,https://assets.nhle.com/mugs/nhl/20242025/DET/8474141.png
8483464,Marco,Kasper,Marco Kasper,C,DET,92.0,https://assets.nhle.com/mugs/nhl/20242025/DET/8483464.png
8477946,Dylan,Larkin,Dylan Larkin,C,DET,71.0,https://assets.nhle.com/mugs/nhl/20242025/DET/8477946.png
8482802,Carter,Mazur,Carter Mazur,L,DET,43.0,https://assets.nhle.com/mugs/nhl/20242025/DET/8482802.png
8477353,Tyler,Motte,Tyler Motte,C,DET,14.0,https://assets.nhle.com/mugs/nhl/20242025/DET/8477353.png
8479992,Michael,Rasmussen,Michael Rasmussen,C,DET,27.0,https://assets.nhle.com/mugs/nhl/20242025/DET/8479992.png
8482078,Lucas,Raymond,Lucas Raymond,L,DET,23.0,https://assets.nhle.com/mugs/nhl/20242025/DET/8482078.png
8475225,Craig,Smith,Craig Smith,C,DET,15.0,https://assets.nhle.com/mugs/nhl/20242025/DET/8475225.png
8475279,Ben,Chiarot,Ben Chiarot,D,DET,8.0,https://assets.nhle.com/mugs/nhl/20242025/DET/8475279.png
8482762,Simon,Edvinsson,Simon Edvinsson,D,DET,77.0,https://assets.nhle.com/mugs/nhl/20242025/DET/8482762.png
8476979,Erik,Gustafsson,Erik Gustafsson,D,DET,56.0,https://assets.nhle.com/mugs/nhl/20242025/DET/8476979.png
8475718,Justin,Holl,Justin Holl,D,DET,3.0,https://assets.nhle.com/mugs/nhl/20242025/DET/8475718.png
8481607,Albert,Johansson,Albert Johansson,D,DET,20.0,https://assets.nhle.com/mugs/nhl/20242025/DET/8481607.png
8478021,William,Lagesson,William Lagesson,D,DET,84.0,https://assets.nhle.com/mugs/nhl/20242025/DET/8478021.png
8473507,Jeff,Petry,Jeff Petry,D,DET,46.0,https://assets.nhle.com/mugs/nhl/20242025/DET/8473507.png
8481542,Moritz,Seider,Moritz Seider,D,DET,53.0,https://assets.nhle.com/mugs/nhl/20242025/DET/8481542.png
8476434,John,Gibson,John Gibson,G,DET,,https://assets.nhle.com/mugs/nhl/20242025/DET/8476434.png
8479312,Alex,Lyon,Alex Lyon,G,DET,34.0,https://assets.nhle.com/mugs/nhl/20242025/DET/8479312.png
8475660,Cam,Talbot,Cam Talbot,G,DET,39.0,https://assets.nhle.com/mugs/nhl/20242025/DET/8475660.png
8478445,Mathew,Barzal,Mathew Barzal,C,NYI,13.0,https://assets.nhle.com/mugs/nhl/20242025/NYI/8478445.png
8475231,Casey,Cizikas,Casey Cizikas,C,NYI,53.0,https://assets.nhle.com/mugs/nhl/20242025/NYI/8475231.png
8477407,Anthony,Duclair,Anthony Duclair,L,NYI,11.0,https://assets.nhle.com/mugs/nhl/20242025/NYI/8477407.png
8478115,Pierre,Engvall,Pierre Engvall,L,NYI,18.0,https://assets.nhle.com/mugs/nhl/20242025/NYI/8478115.png
8477392,Hudson,Fasching,Hudson Fasching,R,NYI,20.0,https://assets.nhle.com/mugs/nhl/20242025/NYI/8477392.png
8483553,Marc,Gatcomb,Marc Gatcomb,C,NYI,16.0,https://assets.nhle.com/mugs/nhl/20242025/NYI/8483553.png
8482476,Emil,Heineman,Emil Heineman,L,NYI,,https://assets.nhle.com/mugs/nhl/20242025/NYI/8482476.png
8481601,Simon,Holmstrom,Simon Holmstrom,R,NYI,10.0,https://assets.nhle.com/mugs/nhl/20242025/NYI/8481601.png
8477500,Bo,Horvat,Bo Horvat,C,NYI,14.0,https://assets.nhle.com/mugs/nhl/20242025/NYI/8477500.png
8475314,Anders,Lee,Anders Lee,L,NYI,27.0,https://assets.nhle.com/mugs/nhl/20242025/NYI/8475314.png
8481237,Kyle,MacLean,Kyle MacLean,C,NYI,32.0,https://assets.nhle.com/mugs/nhl/20242025/NYI/8481237.png
8474709,Matt,Martin,Matt Martin,L,NYI,17.0,https://assets.nhle.com/mugs/nhl/20242025/NYI/8474709.png
8476419,Jean-Gabriel,Pageau,Jean-Gabriel Pageau,C,NYI,44.0,https://assets.nhle.com/mugs/nhl/20242025/NYI/8476419.png
8475151,Kyle,Palmieri,Kyle Palmieri,C,NYI,21.0,https://assets.nhle.com/mugs/nhl/20242025/NYI/8475151.png
8484958,Maxim,Tsyplakov,Maxim Tsyplakov,R,NYI,7.0,https://assets.nhle.com/mugs/nhl/20242025/NYI/8484958.png
8480871,Adam,Boqvist,Adam Boqvist,D,NYI,34.0,https://assets.nhle.com/mugs/nhl/20242025/NYI/8480871.png
8477950,Tony,DeAngelo,Tony DeAngelo,D,NYI,4.0,https://assets.nhle.com/mugs/nhl/20242025/NYI/8477950.png
8476429,Scott,Mayfield,Scott Mayfield,D,NYI,24.0,https://assets.nhle.com/mugs/nhl/20242025/NYI/8476429.png
8476917,Adam,Pelech,Adam Pelech,D,NYI,3.0,https://assets.nhle.com/mugs/nhl/20242025/NYI/8476917.png
8481059,Scott,Perunovich,Scott Perunovich,D,NYI,26.0,https://assets.nhle.com/mugs/nhl/20242025/NYI/8481059.png
8477506,Ryan,Pulock,Ryan Pulock,D,NYI,6.0,https://assets.nhle.com/mugs/nhl/20242025/NYI/8477506.png
8476422,Mike,Reilly,Mike Reilly,D,NYI,2.0,https://assets.nhle.com/mugs/nhl/20242025/NYI/8476422.png
8481014,Alexander,Romanov,Alexander Romanov,D,NYI,28.0,https://assets.nhle.com/mugs/nhl/20242025/NYI/8481014.png
8477405,Marcus,Hogberg,Marcus Hogberg,G,NYI,50.0,https://assets.nhle.com/mugs/nhl/20242025/NYI/8477405.png
8478009,Ilya,Sorokin,Ilya Sorokin,G,NYI,30.0,https://assets.nhle.com/mugs/nhl/20242025/NYI/8478009.png
8473575,Semyon,Varlamov,Semyon Varlamov,G,NYI,40.0,https://assets.nhle.com/mugs/nhl/20242025/NYI/8473575.png
8481556,John,Beecher,John Beecher,C,BOS,19.0,https://assets.nhle.com/mugs/nhl/20242025/BOS/8481556.png
8479987,Morgan,Geekie,Morgan Geekie,C,BOS,39.0,https://assets.nhle.com/mugs/nhl/20242025/BOS/8479987.png
8480355,Mark,Kastelic,Mark Kastelic,C,BOS,47.0,https://assets.nhle.com/mugs/nhl/20242025/BOS/8480355.png
8482177,Marat,Khusnutdinov,Marat Khusnutdinov,C,BOS,92.0,https://assets.nhle.com/mugs/nhl/20242025/BOS/8482177.png
8481043,Cole,Koepke,Cole Koepke,L,BOS,45.0,https://assets.nhle.com/mugs/nhl/20242025/BOS/8481043.png
8480880,Jakub,Lauko,Jakub Lauko,C,BOS,94.0,https://assets.nhle.com/mugs/nhl/20242025/BOS/8480880.png
8477496,Elias,Lindholm,Elias Lindholm,C,BOS,28.0,https://assets.nhle.com/mugs/nhl/20242025/BOS/8477496.png
8479999,Casey,Mittelstadt,Casey Mittelstadt,C,BOS,11.0,https://assets.nhle.com/mugs/nhl/20242025/BOS/8479999.png
8477956,David,Pastrnak,David Pastrnak,R,BOS,88.0,https://assets.nhle.com/mugs/nhl/20242025/BOS/8477956.png
8478401,Pavel,Zacha,Pavel Zacha,C,BOS,18.0,https://assets.nhle.com/mugs/nhl/20242025/BOS/8478401.png
8480035,Henri,Jokiharju,Henri Jokiharju,D,BOS,20.0,https://assets.nhle.com/mugs/nhl/20242025/BOS/8480035.png
8476854,Hampus,Lindholm,Hampus Lindholm,D,BOS,27.0,https://assets.nhle.com/mugs/nhl/20242025/BOS/8476854.png
8482511,Mason,Lohrei,Mason Lohrei,D,BOS,6.0,https://assets.nhle.com/mugs/nhl/20242025/BOS/8482511.png
8479325,Charlie,McAvoy,Charlie McAvoy,D,BOS,73.0,https://assets.nhle.com/mugs/nhl/20242025/BOS/8479325.png
8479369,Andrew,Peeke,Andrew Peeke,D,BOS,52.0,https://assets.nhle.com/mugs/nhl/20242025/BOS/8479369.png
8478450,Parker,Wotherspoon,Parker Wotherspoon,D,BOS,29.0,https://assets.nhle.com/mugs/nhl/20242025/BOS/8478450.png
8477507,Nikita,Zadorov,Nikita Zadorov,D,BOS,91.0,https://assets.nhle.com/mugs/nhl/20242025/BOS/8477507.png
8476914,Joonas,Korpisalo,Joonas Korpisalo,G,BOS,70.0,https://assets.nhle.com/mugs/nhl/20242025/BOS/8476914.png
8480280,Jeremy,Swayman,Jeremy Swayman,G,BOS,1.0,https://assets.nhle.com/mugs/nhl/20242025/BOS/8480280.png
8479944,Zachary,Aston-Reese,Zachary Aston-Reese,C,CBJ,27.0,https://assets.nhle.com/mugs/nhl/20242025/CBJ/8479944.png
8482475,Egor,Chinakhov,Egor Chinakhov,R,CBJ,59.0,https://assets.nhle.com/mugs/nhl/20242025/CBJ/8482475.png
8475745,Charlie,Coyle,Charlie Coyle,C,CBJ,,https://assets.nhle.com/mugs/nhl/20242025/CBJ/8475745.png
8479941,Justin,Danforth,Justin Danforth,R,CBJ,17.0,https://assets.nhle.com/mugs/nhl/20242025/CBJ/8479941.png
8484166,Adam,Fantilli,Adam Fantilli,C,CBJ,19.0,https://assets.nhle.com/mugs/nhl/20242025/CBJ/8484166.png
8478432,Christian,Fischer,Christian Fischer,R,CBJ,36.0,https://assets.nhle.com/mugs/nhl/20242025/CBJ/8478432.png
8476867,Brendan,Gaunce,Brendan Gaunce,C,CBJ,16.0,https://assets.nhle.com/mugs/nhl/20242025/CBJ/8476867.png
8476432,Boone,Jenner,Boone Jenner,C,CBJ,38.0,https://assets.nhle.com/mugs/nhl/20242025/CBJ/8476432.png
8482660,Kent,Johnson,Kent Johnson,C,CBJ,91.0,https://assets.nhle.com/mugs/nhl/20242025/CBJ/8482660.png
8479316,Luke,Kunin,Luke Kunin,C,CBJ,11.0,https://assets.nhle.com/mugs/nhl/20242025/CBJ/8479316.png
8476374,Sean,Kuraly,Sean Kuraly,C,CBJ,7.0,https://assets.nhle.com/mugs/nhl/20242025/CBJ/8476374.png
8478099,Kevin,Labanc,Kevin Labanc,R,CBJ,62.0,https://assets.nhle.com/mugs/nhl/20242025/CBJ/8478099.png
8480893,Kirill,Marchenko,Kirill Marchenko,R,CBJ,86.0,https://assets.nhle.com/mugs/nhl/20242025/CBJ/8480893.png
8477497,Sean,Monahan,Sean Monahan,C,CBJ,23.0,https://assets.nhle.com/mugs/nhl/20242025/CBJ/8477497.png
8479671,Mathieu,Olivier,Mathieu Olivier,R,CBJ,24.0,https://assets.nhle.com/mugs/nhl/20242025/CBJ/8479671.png
8482705,Cole,Sillinger,Cole Sillinger,C,CBJ,4.0,https://assets.nhle.com/mugs/nhl/20242025/CBJ/8482705.png
8474037,James,van Riemsdyk,James van Riemsdyk,L,CBJ,21.0,https://assets.nhle.com/mugs/nhl/20242025/CBJ/8474037.png
8481716,Dmitri,Voronkov,Dmitri Voronkov,L,CBJ,10.0,https://assets.nhle.com/mugs/nhl/20242025/CBJ/8481716.png
8485469,Jack,Williams,Jack Williams,R,CBJ,29.0,https://assets.nhle.com/mugs/nhl/20242025/CBJ/8485469.png
8477425,Miles,Wood,Miles Wood,L,CBJ,,https://assets.nhle.com/mugs/nhl/20242025/CBJ/8477425.png
8481161,Jake,Christiansen,Jake Christiansen,D,CBJ,2.0,https://assets.nhle.com/mugs/nhl/20242025/CBJ/8481161.png
8479371,Dante,Fabbro,Dante Fabbro,D,CBJ,15.0,https://assets.nhle.com/mugs/nhl/20242025/CBJ/8479371.png
8475790,Erik,Gudbranson,Erik Gudbranson,D,CBJ,44.0,https://assets.nhle.com/mugs/nhl/20242025/CBJ/8475790.png
8480887,Jordan,Harris,Jordan Harris,D,CBJ,22.0,https://assets.nhle.com/mugs/nhl/20242025/CBJ/8480887.png
8471677,Jack,Johnson,Jack Johnson,D,CBJ,3.0,https://assets.nhle.com/mugs/nhl/20242025/CBJ/8471677.png
8478500,Ivan,Provorov,Ivan Provorov,D,CBJ,9.0,https://assets.nhle.com/mugs/nhl/20242025/CBJ/8478500.png
8476923,Damon,Severson,Damon Severson,D,CBJ,78.0,https://assets.nhle.com/mugs/nhl/20242025/CBJ/8476923.png
8478460,Zach,Werenski,Zach Werenski,D,CBJ,8.0,https://assets.nhle.com/mugs/nhl/20242025/CBJ/8478460.png
8478007,Elvis,Merzlikins,Elvis Merzlikins,G,CBJ,90.0,https://assets.nhle.com/mugs/nhl/20242025/CBJ/8478007.png
8484153,Leo,Carlsson,Leo Carlsson,C,ANA,91.0,https://assets.nhle.com/mugs/nhl/20242025/ANA/8484153.png
8477952,Robby,Fabbri,Robby Fabbri,C,ANA,13.0,https://assets.nhle.com/mugs/nhl/20242025/ANA/8477952.png
8483445,Cutter,Gauthier,Cutter Gauthier,L,ANA,61.0,https://assets.nhle.com/mugs/nhl/20242025/ANA/8483445.png
8478424,Jansen,Harkins,Jansen Harkins,C,ANA,38.0,https://assets.nhle.com/mugs/nhl/20242025/ANA/8478424.png
8477527,Ross,Johnston,Ross Johnston,L,ANA,44.0,https://assets.nhle.com/mugs/nhl/20242025/ANA/8477527.png
8473986,Alex,Killorn,Alex Killorn,L,ANA,17.0,https://assets.nhle.com/mugs/nhl/20242025/ANA/8473986.png
8475184,Chris,Kreider,Chris Kreider,C,ANA,,https://assets.nhle.com/mugs/nhl/20242025/ANA/8475184.png
8481517,Brett,Leason,Brett Leason,R,ANA,20.0,https://assets.nhle.com/mugs/nhl/20242025/ANA/8481517.png
8480806,Isac,Lundeström,Isac Lundeström,C,ANA,21.0,https://assets.nhle.com/mugs/nhl/20242025/ANA/8480806.png
8476934,Brock,McGinn,Brock McGinn,L,ANA,26.0,https://assets.nhle.com/mugs/nhl/20242025/ANA/8476934.png
8482745,Mason,McTavish,Mason McTavish,C,ANA,23.0,https://assets.nhle.com/mugs/nhl/20242025/ANA/8482745.png
8480068,Ryan,Poehling,Ryan Poehling,C,ANA,25.0,https://assets.nhle.com/mugs/nhl/20242025/ANA/8480068.png
8476458,Ryan,Strome,Ryan Strome,C,ANA,16.0,https://assets.nhle.com/mugs/nhl/20242025/ANA/8476458.png
8478873,Troy,Terry,Troy Terry,R,ANA,19.0,https://assets.nhle.com/mugs/nhl/20242025/ANA/8478873.png
8478366,Frank,Vatrano,Frank Vatrano,R,ANA,77.0,https://assets.nhle.com/mugs/nhl/20242025/ANA/8478366.png
8485512,Tim,Washe,Tim Washe,C,ANA,42.0,https://assets.nhle.com/mugs/nhl/20242025/ANA/8485512.png
8475462,Radko,Gudas,Radko Gudas,D,ANA,7.0,https://assets.nhle.com/mugs/nhl/20242025/ANA/8475462.png
8481563,Drew,Helleson,Drew Helleson,D,ANA,43.0,https://assets.nhle.com/mugs/nhl/20242025/ANA/8481563.png
8478430,Oliver,Kylington,Oliver Kylington,D,ANA,58.0,https://assets.nhle.com/mugs/nhl/20242025/ANA/8478430.png
8481605,Jackson,LaCombe,Jackson LaCombe,D,ANA,2.0,https://assets.nhle.com/mugs/nhl/20242025/ANA/8481605.png
8483490,Pavel,Mintyukov,Pavel Mintyukov,D,ANA,34.0,https://assets.nhle.com/mugs/nhl/20242025/ANA/8483490.png
8482178,Ian,Moore,Ian Moore,D,ANA,74.0,https://assets.nhle.com/mugs/nhl/20242025/ANA/8482178.png
8476885,Jacob,Trouba,Jacob Trouba,D,ANA,65.0,https://assets.nhle.com/mugs/nhl/20242025/ANA/8476885.png
8482803,Olen,Zellweger,Olen Zellweger,D,ANA,51.0,https://assets.nhle.com/mugs/nhl/20242025/ANA/8482803.png
8480843,Lukas,Dostal,Lukas Dostal,G,ANA,1.0,https://assets.nhle.com/mugs/nhl/20242025/ANA/8480843.png
8475852,Petr,Mrazek,Petr Mrazek,G,ANA,,https://assets.nhle.com/mugs/nhl/20242025/ANA/8475852.png
8475760,Nick,Bjugstad,Nick Bjugstad,C,UTA,17.0,https://assets.nhle.com/mugs/nhl/20242025/UTA/8475760.png
8479619,Michael,Carcone,Michael Carcone,L,UTA,53.0,https://assets.nhle.com/mugs/nhl/20242025/UTA/8479619.png
8483431,Logan,Cooley,Logan Cooley,C,UTA,92.0,https://assets.nhle.com/mugs/nhl/20242025/UTA/8483431.png
8478474,Lawson,Crouse,Lawson Crouse,L,UTA,67.0,https://assets.nhle.com/mugs/nhl/20242025/UTA/8478474.png
8482659,Josh,Doan,Josh Doan,R,UTA,91.0,https://assets.nhle.com/mugs/nhl/20242025/UTA/8482659.png
8482699,Dylan,Guenther,Dylan Guenther,R,UTA,11.0,https://assets.nhle.com/mugs/nhl/20242025/UTA/8482699.png
8480849,Barrett,Hayton,Barrett Hayton,C,UTA,27.0,https://assets.nhle.com/mugs/nhl/20242025/UTA/8480849.png
8479343,Clayton,Keller,Clayton Keller,C,UTA,9.0,https://assets.nhle.com/mugs/nhl/20242025/UTA/8479343.png
8477021,Alexander,Kerfoot,Alexander Kerfoot,C,UTA,15.0,https://assets.nhle.com/mugs/nhl/20242025/UTA/8477021.png
8481711,Matias,Maccelli,Matias Maccelli,L,UTA,63.0,https://assets.nhle.com/mugs/nhl/20242025/UTA/8481711.png
8480855,Jack,McBain,Jack McBain,C,UTA,22.0,https://assets.nhle.com/mugs/nhl/20242025/UTA/8480855.png
8477070,Liam,O'Brien,Liam O'Brien,C,UTA,38.0,https://assets.nhle.com/mugs/nhl/20242025/UTA/8477070.png
8477951,Nick,Schmaltz,Nick Schmaltz,C,UTA,8.0,https://assets.nhle.com/mugs/nhl/20242025/UTA/8477951.png
8478831,Kevin,Stenlund,Kevin Stenlund,C,UTA,82.0,https://assets.nhle.com/mugs/nhl/20242025/UTA/8478831.png
8474145,Robert,Bortuzzo,Robert Bortuzzo,D,UTA,41.0,https://assets.nhle.com/mugs/nhl/20242025/UTA/8474145.png
8474013,Ian,Cole,Ian Cole,D,UTA,28.0,https://assets.nhle.com/mugs/nhl/20242025/UTA/8474013.png
8480084,Nick,DeSimone,Nick DeSimone,D,UTA,57.0,https://assets.nhle.com/mugs/nhl/20242025/UTA/8480084.png
8480434,Sean,Durzi,Sean Durzi,D,UTA,50.0,https://assets.nhle.com/mugs/nhl/20242025/UTA/8480434.png
8480891,Michael,Kesselring,Michael Kesselring,D,UTA,7.0,https://assets.nhle.com/mugs/nhl/20242025/UTA/8480891.png
8478507,John,Marino,John Marino,D,UTA,6.0,https://assets.nhle.com/mugs/nhl/20242025/UTA/8478507.png
8476874,Olli,Määttä,Olli Määttä,D,UTA,2.0,https://assets.nhle.com/mugs/nhl/20242025/UTA/8476874.png
8479410,Mikhail,Sergachev,Mikhail Sergachev,D,UTA,98.0,https://assets.nhle.com/mugs/nhl/20242025/UTA/8479410.png
8478971,Connor,Ingram,Connor Ingram,G,UTA,39.0,https://assets.nhle.com/mugs/nhl/20242025/UTA/8478971.png
8478872,Karel,Vejmelka,Karel Vejmelka,G,UTA,70.0,https://assets.nhle.com/mugs/nhl/20242025/UTA/8478872.png
8477964,Ivan,Barbashev,Ivan Barbashev,C,VGK,49.0,https://assets.nhle.com/mugs/nhl/20242025/VGK/8477964.png
8481604,Pavel,Dorofeyev,Pavel Dorofeyev,L,VGK,16.0,https://assets.nhle.com/mugs/nhl/20242025/VGK/8481604.png
8478403,Jack,Eichel,Jack Eichel,C,VGK,9.0,https://assets.nhle.com/mugs/nhl/20242025/VGK/8478403.png
8476881,Tomas,Hertl,Tomas Hertl,C,VGK,48.0,https://assets.nhle.com/mugs/nhl/20242025/VGK/8476881.png
8482125,Alexander,Holtz,Alexander Holtz,R,VGK,26.0,https://assets.nhle.com/mugs/nhl/20242025/VGK/8482125.png
8479353,Brett,Howden,Brett Howden,C,VGK,21.0,https://assets.nhle.com/mugs/nhl/20242025/VGK/8479353.png
8476448,William,Karlsson,William Karlsson,C,VGK,71.0,https://assets.nhle.com/mugs/nhl/20242025/VGK/8476448.png
8478434,Keegan,Kolesar,Keegan Kolesar,R,VGK,55.0,https://assets.nhle.com/mugs/nhl/20242025/VGK/8478434.png
8479550,Tanner,Laczynski,Tanner Laczynski,C,VGK,28.0,https://assets.nhle.com/mugs/nhl/20242025/VGK/8479550.png
8481534,Raphael,Lavoie,Raphael Lavoie,C,VGK,36.0,https://assets.nhle.com/mugs/nhl/20242025/VGK/8481534.png
8478109,Victor,Olofsson,Victor Olofsson,R,VGK,95.0,https://assets.nhle.com/mugs/nhl/20242025/VGK/8478109.png
8476871,Tanner,Pearson,Tanner Pearson,L,VGK,70.0,https://assets.nhle.com/mugs/nhl/20242025/VGK/8476871.png
8480007,Jonas,Rondbjerg,Jonas Rondbjerg,R,VGK,46.0,https://assets.nhle.com/mugs/nhl/20242025/VGK/8480007.png
8478462,Nicolas,Roy,Nicolas Roy,C,VGK,10.0,https://assets.nhle.com/mugs/nhl/20242025/VGK/8478462.png
8476438,Brandon,Saad,Brandon Saad,L,VGK,20.0,https://assets.nhle.com/mugs/nhl/20242025/VGK/8476438.png
8481655,Cole,Schwindt,Cole Schwindt,R,VGK,22.0,https://assets.nhle.com/mugs/nhl/20242025/VGK/8481655.png
8476925,Colton,Sissons,Colton Sissons,C,VGK,,https://assets.nhle.com/mugs/nhl/20242025/VGK/8476925.png
8475191,Reilly,Smith,Reilly Smith,R,VGK,19.0,https://assets.nhle.com/mugs/nhl/20242025/VGK/8475191.png
8475913,Mark,Stone,Mark Stone,R,VGK,61.0,https://assets.nhle.com/mugs/nhl/20242025/VGK/8475913.png
8482141,Lukas,Cormier,Lukas Cormier,D,VGK,51.0,https://assets.nhle.com/mugs/nhl/20242025/VGK/8482141.png
8477462,Robert,Hagg,Robert Hagg,D,VGK,18.0,https://assets.nhle.com/mugs/nhl/20242025/VGK/8477462.png
8478396,Noah,Hanifin,Noah Hanifin,D,VGK,15.0,https://assets.nhle.com/mugs/nhl/20242025/VGK/8478396.png
8477018,Ben,Hutton,Ben Hutton,D,VGK,17.0,https://assets.nhle.com/mugs/nhl/20242025/VGK/8477018.png
8481527,Kaedan,Korczak,Kaedan Korczak,D,VGK,6.0,https://assets.nhle.com/mugs/nhl/20242025/VGK/8481527.png
8478468,Jeremy,Lauzon,Jeremy Lauzon,D,VGK,,https://assets.nhle.com/mugs/nhl/20242025/VGK/8478468.png
8478062,Dysin,Mayo,Dysin Mayo,D,VGK,65.0,https://assets.nhle.com/mugs/nhl/20242025/VGK/8478062.png
8475188,Brayden,McNabb,Brayden McNabb,D,VGK,3.0,https://assets.nhle.com/mugs/nhl/20242025/VGK/8475188.png
8474565,Alex,Pietrangelo,Alex Pietrangelo,D,VGK,7.0,https://assets.nhle.com/mugs/nhl/20242025/VGK/8474565.png
8477447,Shea,Theodore,Shea Theodore,D,VGK,27.0,https://assets.nhle.com/mugs/nhl/20242025/VGK/8477447.png
8480727,Zach,Whitecloud,Zach Whitecloud,D,VGK,2.0,https://assets.nhle.com/mugs/nhl/20242025/VGK/8480727.png
8478499,Adin,Hill,Adin Hill,G,VGK,33.0,https://assets.nhle.com/mugs/nhl/20242025/VGK/8478499.png
8482761,Carl,Lindbom,Carl Lindbom,G,VGK,30.0,https://assets.nhle.com/mugs/nhl/20242025/VGK/8482761.png
8478492,Ilya,Samsonov,Ilya Samsonov,G,VGK,35.0,https://assets.nhle.com/mugs/nhl/20242025/VGK/8478492.png
8481033,Akira,Schmid,Akira Schmid,G,VGK,40.0,https://assets.nhle.com/mugs/nhl/20242025/VGK/8481033.png
8478020,Michael,Amadio,Michael Amadio,R,OTT,22.0,https://assets.nhle.com/mugs/nhl/20242025/OTT/8478020.png
8480208,Drake,Batherson,Drake Batherson,R,OTT,19.0,https://assets.nhle.com/mugs/nhl/20242025/OTT/8480208.png
8483579,Wyatt,Bongiovanni,Wyatt Bongiovanni,L,OTT,49.0,https://assets.nhle.com/mugs/nhl/20242025/OTT/8483579.png
8482674,Tyler,Boucher,Tyler Boucher,R,OTT,54.0,https://assets.nhle.com/mugs/nhl/20242025/OTT/8482674.png
8476393,Nick,Cousins,Nick Cousins,C,OTT,21.0,https://assets.nhle.com/mugs/nhl/20242025/OTT/8476393.png
8481528,Dylan,Cozens,Dylan Cozens,C,OTT,24.0,https://assets.nhle.com/mugs/nhl/20242025/OTT/8481528.png
8481065,Angus,Crookshank,Angus Crookshank,L,OTT,59.0,https://assets.nhle.com/mugs/nhl/20242025/OTT/8481065.png
8478874,Adam,Gaudette,Adam Gaudette,R,OTT,81.0,https://assets.nhle.com/mugs/nhl/20242025/OTT/8478874.png
8473512,Claude,Giroux,Claude Giroux,R,OTT,28.0,https://assets.nhle.com/mugs/nhl/20242025/OTT/8473512.png
8482092,Ridly,Greig,Ridly Greig,C,OTT,71.0,https://assets.nhle.com/mugs/nhl/20242025/OTT/8482092.png
8483676,Stephen,Halliday,Stephen Halliday,C,OTT,83.0,https://assets.nhle.com/mugs/nhl/20242025/OTT/8483676.png
8478146,Matthew,Highmore,Matthew Highmore,C,OTT,15.0,https://assets.nhle.com/mugs/nhl/20242025/OTT/8478146.png
8478173,Hayden,Hodgson,Hayden Hodgson,R,OTT,42.0,https://assets.nhle.com/mugs/nhl/20242025/OTT/8478173.png
8480890,Jan,Jenik,Jan Jenik,C,OTT,14.0,https://assets.nhle.com/mugs/nhl/20242025/OTT/8480890.png
8479772,Zack,MacEwen,Zack MacEwen,R,OTT,17.0,https://assets.nhle.com/mugs/nhl/20242025/OTT/8479772.png
8474102,David,Perron,David Perron,L,OTT,57.0,https://assets.nhle.com/mugs/nhl/20242025/OTT/8474102.png
8479516,Garrett,Pilon,Garrett Pilon,C,OTT,45.0,https://assets.nhle.com/mugs/nhl/20242025/OTT/8479516.png
8481596,Shane,Pinto,Shane Pinto,C,OTT,12.0,https://assets.nhle.com/mugs/nhl/20242025/OTT/8481596.png
8481133,Cole,Reinhardt,Cole Reinhardt,L,OTT,51.0,https://assets.nhle.com/mugs/nhl/20242025/OTT/8481133.png
8482116,Tim,Stützle,Tim Stützle,C,OTT,18.0,https://assets.nhle.com/mugs/nhl/20242025/OTT/8482116.png
8480801,Brady,Tkachuk,Brady Tkachuk,L,OTT,7.0,https://assets.nhle.com/mugs/nhl/20242025/OTT/8480801.png
8480188,Fabian,Zetterlund,Fabian Zetterlund,L,OTT,20.0,https://assets.nhle.com/mugs/nhl/20242025/OTT/8480188.png
8478469,Thomas,Chabot,Thomas Chabot,D,OTT,72.0,https://assets.nhle.com/mugs/nhl/20242025/OTT/8478469.png
8478502,Dennis,Gilbert,Dennis Gilbert,D,OTT,6.0,https://assets.nhle.com/mugs/nhl/20242025/OTT/8478502.png
8483683,Tomas,Hamara,Tomas Hamara,D,OTT,98.0,https://assets.nhle.com/mugs/nhl/20242025/OTT/8483683.png
8474612,Travis,Hamonic,Travis Hamonic,D,OTT,23.0,https://assets.nhle.com/mugs/nhl/20242025/OTT/8474612.png
8475324,Nick,Jensen,Nick Jensen,D,OTT,3.0,https://assets.nhle.com/mugs/nhl/20242025/OTT/8475324.png
8482095,Tyler,Kleven,Tyler Kleven,D,OTT,43.0,https://assets.nhle.com/mugs/nhl/20242025/OTT/8482095.png
8484321,Nikolas,Matinpalo,Nikolas Matinpalo,D,OTT,33.0,https://assets.nhle.com/mugs/nhl/20242025/OTT/8484321.png
8482105,Jake,Sanderson,Jake Sanderson,D,OTT,85.0,https://assets.nhle.com/mugs/nhl/20242025/OTT/8482105.png
8482131,Donovan,Sebrango,Donovan Sebrango,D,OTT,37.0,https://assets.nhle.com/mugs/nhl/20242025/OTT/8482131.png
8481606,Jordan,Spence,Jordan Spence,D,OTT,,https://assets.nhle.com/mugs/nhl/20242025/OTT/8481606.png
8484759,Carter,Yakemchuk,Carter Yakemchuk,D,OTT,58.0,https://assets.nhle.com/mugs/nhl/20242025/OTT/8484759.png
8482245,Artem,Zub,Artem Zub,D,OTT,2.0,https://assets.nhle.com/mugs/nhl/20242025/OTT/8482245.png
8476341,Anton,Forsberg,Anton Forsberg,G,OTT,31.0,https://assets.nhle.com/mugs/nhl/20242025/OTT/8476341.png
8482447,Leevi,Meriläinen,Leevi Meriläinen,G,OTT,1.0,https://assets.nhle.com/mugs/nhl/20242025/OTT/8482447.png
8481544,Mads,Sogaard,Mads Sogaard,G,OTT,40.0,https://assets.nhle.com/mugs/nhl/20242025/OTT/8481544.png
8476999,Linus,Ullmark,Linus Ullmark,G,OTT,35.0,https://assets.nhle.com/mugs/nhl/20242025/OTT/8476999.png
8481553,Bobby,Brink,Bobby Brink,R,PHI,10.0,https://assets.nhle.com/mugs/nhl/20242025/PHI/8481553.png
8480220,Noah,Cates,Noah Cates,L,PHI,27.0,https://assets.nhle.com/mugs/nhl/20242025/PHI/8480220.png
8476461,Sean,Couturier,Sean Couturier,C,PHI,14.0,https://assets.nhle.com/mugs/nhl/20242025/PHI/8476461.png
8475235,Nicolas,Deslauriers,Nicolas Deslauriers,L,PHI,44.0,https://assets.nhle.com/mugs/nhl/20242025/PHI/8475235.png
8485483,Karsen,Dorwart,Karsen Dorwart,L,PHI,23.0,https://assets.nhle.com/mugs/nhl/20242025/PHI/8485483.png
8482159,Tyson,Foerster,Tyson Foerster,R,PHI,71.0,https://assets.nhle.com/mugs/nhl/20242025/PHI/8482159.png
8477903,Garnet,Hathaway,Garnet Hathaway,R,PHI,19.0,https://assets.nhle.com/mugs/nhl/20242025/PHI/8477903.png
8483461,Devin,Kaplan,Devin Kaplan,R,PHI,68.0,https://assets.nhle.com/mugs/nhl/20242025/PHI/8483461.png
8478439,Travis,Konecny,Travis Konecny,R,PHI,11.0,https://assets.nhle.com/mugs/nhl/20242025/PHI/8478439.png
8484387,Matvei,Michkov,Matvei Michkov,R,PHI,39.0,https://assets.nhle.com/mugs/nhl/20242025/PHI/8484387.png
8481592,Jakob,Pelletier,Jakob Pelletier,L,PHI,22.0,https://assets.nhle.com/mugs/nhl/20242025/PHI/8481592.png
8480015,Owen,Tippett,Owen Tippett,R,PHI,74.0,https://assets.nhle.com/mugs/nhl/20242025/PHI/8480015.png
8481533,Trevor,Zegras,Trevor Zegras,C,PHI,,https://assets.nhle.com/mugs/nhl/20242025/PHI/8481533.png
8482142,Jamie,Drysdale,Jamie Drysdale,D,PHI,9.0,https://assets.nhle.com/mugs/nhl/20242025/PHI/8482142.png
8475176,Ryan,Ellis,Ryan Ellis,D,PHI,94.0,https://assets.nhle.com/mugs/nhl/20242025/PHI/8475176.png
8477499,Rasmus,Ristolainen,Rasmus Ristolainen,D,PHI,55.0,https://assets.nhle.com/mugs/nhl/20242025/PHI/8477499.png
8477948,Travis,Sanheim,Travis Sanheim,D,PHI,6.0,https://assets.nhle.com/mugs/nhl/20242025/PHI/8477948.png
8476372,Nick,Seeler,Nick Seeler,D,PHI,24.0,https://assets.nhle.com/mugs/nhl/20242025/PHI/8476372.png
8481546,Cam,York,Cam York,D,PHI,8.0,https://assets.nhle.com/mugs/nhl/20242025/PHI/8481546.png
8481178,Egor,Zamula,Egor Zamula,D,PHI,5.0,https://assets.nhle.com/mugs/nhl/20242025/PHI/8481178.png
8481035,Samuel,Ersson,Samuel Ersson,G,PHI,33.0,https://assets.nhle.com/mugs/nhl/20242025/PHI/8481035.png
8478905,Ivan,Fedotov,Ivan Fedotov,G,PHI,82.0,https://assets.nhle.com/mugs/nhl/20242025/PHI/8478905.png
8482783,Aleksei,Kolosov,Aleksei Kolosov,G,PHI,35.0,https://assets.nhle.com/mugs/nhl/20242025/PHI/8482783.png
8473563,Nicklas,Backstrom,Nicklas Backstrom,C,WSH,19.0,https://assets.nhle.com/mugs/nhl/20242025/WSH/8473563.png
8478463,Anthony,Beauvillier,Anthony Beauvillier,L,WSH,72.0,https://assets.nhle.com/mugs/nhl/20242025/WSH/8478463.png
8475343,Nic,Dowd,Nic Dowd,C,WSH,26.0,https://assets.nhle.com/mugs/nhl/20242025/WSH/8475343.png
8479400,Pierre-Luc,Dubois,Pierre-Luc Dubois,L,WSH,80.0,https://assets.nhle.com/mugs/nhl/20242025/WSH/8479400.png
8479520,Brandon,Duhaime,Brandon Duhaime,R,WSH,22.0,https://assets.nhle.com/mugs/nhl/20242025/WSH/8479520.png
8474189,Lars,Eller,Lars Eller,C,WSH,20.0,https://assets.nhle.com/mugs/nhl/20242025/WSH/8474189.png
8483573,Ethen,Frank,Ethen Frank,C,WSH,53.0,https://assets.nhle.com/mugs/nhl/20242025/WSH/8483573.png
8484186,Ryan,Leonard,Ryan Leonard,R,WSH,9.0,https://assets.nhle.com/mugs/nhl/20242025/WSH/8484186.png
8478233,Andrew,Mangiapane,Andrew Mangiapane,L,WSH,88.0,https://assets.nhle.com/mugs/nhl/20242025/WSH/8478233.png
8481580,Connor,McMichael,Connor McMichael,C,WSH,24.0,https://assets.nhle.com/mugs/nhl/20242025/WSH/8481580.png
8477947,Sonny,Milano,Sonny Milano,L,WSH,15.0,https://assets.nhle.com/mugs/nhl/20242025/WSH/8477947.png
8471698,T.J.,Oshie,T.J. Oshie,R,WSH,77.0,https://assets.nhle.com/mugs/nhl/20242025/WSH/8471698.png
8471214,Alex,Ovechkin,Alex Ovechkin,L,WSH,8.0,https://assets.nhle.com/mugs/nhl/20242025/WSH/8471214.png
8481656,Aliaksei,Protas,Aliaksei Protas,C,WSH,21.0,https://assets.nhle.com/mugs/nhl/20242025/WSH/8481656.png
8479390,Taylor,Raddysh,Taylor Raddysh,R,WSH,16.0,https://assets.nhle.com/mugs/nhl/20242025/WSH/8479390.png
8478440,Dylan,Strome,Dylan Strome,C,WSH,17.0,https://assets.nhle.com/mugs/nhl/20242025/WSH/8478440.png
8476880,Tom,Wilson,Tom Wilson,R,WSH,43.0,https://assets.nhle.com/mugs/nhl/20242025/WSH/8476880.png
8480823,Alexander,Alexeyev,Alexander Alexeyev,D,WSH,27.0,https://assets.nhle.com/mugs/nhl/20242025/WSH/8480823.png
8474590,John,Carlson,John Carlson,D,WSH,74.0,https://assets.nhle.com/mugs/nhl/20242025/WSH/8474590.png
8480990,Declan,Chisholm,Declan Chisholm,D,WSH,,https://assets.nhle.com/mugs/nhl/20242025/WSH/8480990.png
8479345,Jakob,Chychrun,Jakob Chychrun,D,WSH,6.0,https://assets.nhle.com/mugs/nhl/20242025/WSH/8479345.png
8480796,Martin,Fehérváry,Martin Fehérváry,D,WSH,42.0,https://assets.nhle.com/mugs/nhl/20242025/WSH/8480796.png
8475795,Dylan,McIlrath,Dylan McIlrath,D,WSH,52.0,https://assets.nhle.com/mugs/nhl/20242025/WSH/8475795.png
8478911,Matt,Roy,Matt Roy,D,WSH,3.0,https://assets.nhle.com/mugs/nhl/20242025/WSH/8478911.png
8480873,Rasmus,Sandin,Rasmus Sandin,D,WSH,38.0,https://assets.nhle.com/mugs/nhl/20242025/WSH/8480873.png
8477845,Trevor,van Riemsdyk,Trevor van Riemsdyk,D,WSH,57.0,https://assets.nhle.com/mugs/nhl/20242025/WSH/8477845.png
8479292,Charlie,Lindgren,Charlie Lindgren,G,WSH,79.0,https://assets.nhle.com/mugs/nhl/20242025/WSH/8479292.png
8480313,Logan,Thompson,Logan Thompson,G,WSH,48.0,https://assets.nhle.com/mugs/nhl/20242025/WSH/8480313.png
8478042,Viktor,Arvidsson,Viktor Arvidsson,L,EDM,33.0,https://assets.nhle.com/mugs/nhl/20242025/EDM/8478042.png
8477015,Connor,Brown,Connor Brown,R,EDM,28.0,https://assets.nhle.com/mugs/nhl/20242025/EDM/8477015.png
8477934,Leon,Draisaitl,Leon Draisaitl,C,EDM,29.0,https://assets.nhle.com/mugs/nhl/20242025/EDM/8477934.png
8479365,Trent,Frederic,Trent Frederic,C,EDM,10.0,https://assets.nhle.com/mugs/nhl/20242025/EDM/8479365.png
8480468,James,Hamblin,James Hamblin,L,EDM,52.0,https://assets.nhle.com/mugs/nhl/20242025/EDM/8480468.png
8474641,Adam,Henrique,Adam Henrique,C,EDM,19.0,https://assets.nhle.com/mugs/nhl/20242025/EDM/8474641.png
8475786,Zach,Hyman,Zach Hyman,L,EDM,18.0,https://assets.nhle.com/mugs/nhl/20242025/EDM/8475786.png
8477406,Mattias,Janmark,Mattias Janmark,C,EDM,13.0,https://assets.nhle.com/mugs/nhl/20242025/EDM/8477406.png
8479368,Max,Jones,Max Jones,L,EDM,46.0,https://assets.nhle.com/mugs/nhl/20242025/EDM/8479368.png
8477953,Kasperi,Kapanen,Kasperi Kapanen,R,EDM,42.0,https://assets.nhle.com/mugs/nhl/20242025/EDM/8477953.png
8478402,Connor,McDavid,Connor McDavid,C,EDM,97.0,https://assets.nhle.com/mugs/nhl/20242025/EDM/8478402.png
8476454,Ryan,Nugent-Hopkins,Ryan Nugent-Hopkins,C,EDM,93.0,https://assets.nhle.com/mugs/nhl/20242025/EDM/8476454.png
8470621,Corey,Perry,Corey Perry,R,EDM,90.0,https://assets.nhle.com/mugs/nhl/20242025/EDM/8470621.png
8481491,Noah,Philp,Noah Philp,C,EDM,48.0,https://assets.nhle.com/mugs/nhl/20242025/EDM/8481491.png
8481617,Vasily,Podkolzin,Vasily Podkolzin,R,EDM,92.0,https://assets.nhle.com/mugs/nhl/20242025/EDM/8481617.png
8478585,Derek,Ryan,Derek Ryan,C,EDM,10.0,https://assets.nhle.com/mugs/nhl/20242025/EDM/8478585.png
8483512,Matt,Savoie,Matt Savoie,C,EDM,22.0,https://assets.nhle.com/mugs/nhl/20242025/EDM/8483512.png
8475784,Jeff,Skinner,Jeff Skinner,C,EDM,53.0,https://assets.nhle.com/mugs/nhl/20242025/EDM/8475784.png
8480803,Evan,Bouchard,Evan Bouchard,D,EDM,2.0,https://assets.nhle.com/mugs/nhl/20242025/EDM/8480803.png
8477384,Joshua,Brown,Joshua Brown,D,EDM,44.0,https://assets.nhle.com/mugs/nhl/20242025/EDM/8477384.png
8479341,Cam,Dineen,Cam Dineen,D,EDM,85.0,https://assets.nhle.com/mugs/nhl/20242025/EDM/8479341.png
8475218,Mattias,Ekholm,Mattias Ekholm,D,EDM,14.0,https://assets.nhle.com/mugs/nhl/20242025/EDM/8475218.png
8480834,Ty,Emberson,Ty Emberson,D,EDM,49.0,https://assets.nhle.com/mugs/nhl/20242025/EDM/8480834.png
8475906,John,Klingberg,John Klingberg,D,EDM,36.0,https://assets.nhle.com/mugs/nhl/20242025/EDM/8475906.png
8476967,Brett,Kulak,Brett Kulak,D,EDM,27.0,https://assets.nhle.com/mugs/nhl/20242025/EDM/8476967.png
8477498,Darnell,Nurse,Darnell Nurse,D,EDM,25.0,https://assets.nhle.com/mugs/nhl/20242025/EDM/8477498.png
8479442,Troy,Stecher,Troy Stecher,D,EDM,51.0,https://assets.nhle.com/mugs/nhl/20242025/EDM/8479442.png
8478013,Jake,Walman,Jake Walman,D,EDM,96.0,https://assets.nhle.com/mugs/nhl/20242025/EDM/8478013.png
8475717,Calvin,Pickard,Calvin Pickard,G,EDM,30.0,https://assets.nhle.com/mugs/nhl/20242025/EDM/8475717.png
8480885,Olivier,Rodrigue,Olivier Rodrigue,G,EDM,35.0,https://assets.nhle.com/mugs/nhl/20242025/EDM/8480885.png
8479973,Stuart,Skinner,Stuart Skinner,G,EDM,74.0,https://assets.nhle.com/mugs/nhl/20242025/EDM/8479973.png
8482665,Matty,Beniers,Matty Beniers,C,SEA,10.0,https://assets.nhle.com/mugs/nhl/20242025/SEA/8482665.png
8474586,Jordan,Eberle,Jordan Eberle,R,SEA,7.0,https://assets.nhle.com/mugs/nhl/20242025/SEA/8474586.png
8479591,Michael,Eyssimont,Michael Eyssimont,C,SEA,21.0,https://assets.nhle.com/mugs/nhl/20242025/SEA/8479591.png
8477919,Frederick,Gaudreau,Frederick Gaudreau,C,SEA,88.0,https://assets.nhle.com/mugs/nhl/20242025/SEA/8477919.png
8477401,John,Hayden,John Hayden,C,SEA,15.0,https://assets.nhle.com/mugs/nhl/20242025/SEA/8477401.png
8481554,Kaapo,Kakko,Kaapo Kakko,R,SEA,84.0,https://assets.nhle.com/mugs/nhl/20242025/SEA/8481554.png
8481789,Tye,Kartye,Tye Kartye,L,SEA,12.0,https://assets.nhle.com/mugs/nhl/20242025/SEA/8481789.png
8478975,Mason,Marchment,Mason Marchment,L,SEA,27.0,https://assets.nhle.com/mugs/nhl/20242025/SEA/8478975.png
8477955,Jared,McCann,Jared McCann,L,SEA,19.0,https://assets.nhle.com/mugs/nhl/20242025/SEA/8477955.png
8475768,Jaden,Schwartz,Jaden Schwartz,C,SEA,17.0,https://assets.nhle.com/mugs/nhl/20242025/SEA/8475768.png
8476905,Chandler,Stephenson,Chandler Stephenson,C,SEA,9.0,https://assets.nhle.com/mugs/nhl/20242025/SEA/8476905.png
8480009,Eeli,Tolvanen,Eeli Tolvanen,R,SEA,20.0,https://assets.nhle.com/mugs/nhl/20242025/SEA/8480009.png
8483524,Shane,Wright,Shane Wright,C,SEA,51.0,https://assets.nhle.com/mugs/nhl/20242025/SEA/8483524.png
8478407,Vince,Dunn,Vince Dunn,D,SEA,29.0,https://assets.nhle.com/mugs/nhl/20242025/SEA/8478407.png
8482858,Ryker,Evans,Ryker Evans,D,SEA,41.0,https://assets.nhle.com/mugs/nhl/20242025/SEA/8482858.png
8479985,Cale,Fleury,Cale Fleury,D,SEA,8.0,https://assets.nhle.com/mugs/nhl/20242025/SEA/8479985.png
8476457,Adam,Larsson,Adam Larsson,D,SEA,6.0,https://assets.nhle.com/mugs/nhl/20242025/SEA/8476457.png
8479372,Joshua,Mahura,Joshua Mahura,D,SEA,28.0,https://assets.nhle.com/mugs/nhl/20242025/SEA/8479372.png
8477986,Brandon,Montour,Brandon Montour,D,SEA,62.0,https://assets.nhle.com/mugs/nhl/20242025/SEA/8477986.png
8476467,Jamie,Oleksiak,Jamie Oleksiak,D,SEA,24.0,https://assets.nhle.com/mugs/nhl/20242025/SEA/8476467.png
8478916,Joey,Daccord,Joey Daccord,G,SEA,35.0,https://assets.nhle.com/mugs/nhl/20242025/SEA/8478916.png
8475831,Philipp,Grubauer,Philipp Grubauer,G,SEA,31.0,https://assets.nhle.com/mugs/nhl/20242025/SEA/8475831.png
8482133,Thomas,Bordeleau,Thomas Bordeleau,C,SJS,17.0,https://assets.nhle.com/mugs/nhl/20242025/SJS/8482133.png
8484801,Macklin,Celebrini,Macklin Celebrini,C,SJS,71.0,https://assets.nhle.com/mugs/nhl/20242025/SJS/8484801.png
8474053,Logan,Couture,Logan Couture,C,SJS,39.0,https://assets.nhle.com/mugs/nhl/20242025/SJS/8474053.png
8480848,Ty,Dellandrea,Ty Dellandrea,C,SJS,53.0,https://assets.nhle.com/mugs/nhl/20242025/SJS/8480848.png
8482667,William,Eklund,William Eklund,L,SJS,72.0,https://assets.nhle.com/mugs/nhl/20242025/SJS/8482667.png
8476624,Barclay,Goodrow,Barclay Goodrow,R,SJS,23.0,https://assets.nhle.com/mugs/nhl/20242025/SJS/8476624.png
8479393,Noah,Gregor,Noah Gregor,C,SJS,9.0,https://assets.nhle.com/mugs/nhl/20242025/SJS/8479393.png
8479336,Carl,Grundstrom,Carl Grundstrom,R,SJS,91.0,https://assets.nhle.com/mugs/nhl/20242025/SJS/8479336.png
8480011,Klim,Kostin,Klim Kostin,C,SJS,10.0,https://assets.nhle.com/mugs/nhl/20242025/SJS/8480011.png
8481042,Nikolai,Kovalenko,Nikolai Kovalenko,R,SJS,15.0,https://assets.nhle.com/mugs/nhl/20242025/SJS/8481042.png
8483481,Cam,Lund,Cam Lund,C,SJS,46.0,https://assets.nhle.com/mugs/nhl/20242025/SJS/8483481.png
8484227,Will,Smith,Will Smith,C,SJS,2.0,https://assets.nhle.com/mugs/nhl/20242025/SJS/8484227.png
8475726,Tyler,Toffoli,Tyler Toffoli,C,SJS,73.0,https://assets.nhle.com/mugs/nhl/20242025/SJS/8475726.png
8477505,Alexander,Wennberg,Alexander Wennberg,C,SJS,21.0,https://assets.nhle.com/mugs/nhl/20242025/SJS/8477505.png
8479576,Vincent,Desharnais,Vincent Desharnais,D,SJS,5.0,https://assets.nhle.com/mugs/nhl/20242025/SJS/8479576.png
8479983,Mario,Ferraro,Mario Ferraro,D,SJS,38.0,https://assets.nhle.com/mugs/nhl/20242025/SJS/8479983.png
8480043,Timothy,Liljegren,Timothy Liljegren,D,SJS,37.0,https://assets.nhle.com/mugs/nhl/20242025/SJS/8480043.png
8482166,Shakir,Mukhamadullin,Shakir Mukhamadullin,D,SJS,85.0,https://assets.nhle.com/mugs/nhl/20242025/SJS/8482166.png
8480172,Jan,Rutta,Jan Rutta,D,SJS,84.0,https://assets.nhle.com/mugs/nhl/20242025/SJS/8480172.png
8481567,Henry,Thrun,Henry Thrun,D,SJS,3.0,https://assets.nhle.com/mugs/nhl/20242025/SJS/8481567.png
8480382,Alexandar,Georgiev,Alexandar Georgiev,G,SJS,40.0,https://assets.nhle.com/mugs/nhl/20242025/SJS/8480382.png
8484312,Georgi,Romanov,Georgi Romanov,G,SJS,31.0,https://assets.nhle.com/mugs/nhl/20242025/SJS/8484312.png
8479414,Nathan,Bastian,Nathan Bastian,R,NJD,14.0,https://assets.nhle.com/mugs/nhl/20242025/NJD/8479414.png
8479407,Jesper,Bratt,Jesper Bratt,L,NJD,63.0,https://assets.nhle.com/mugs/nhl/20242025/NJD/8479407.png
8481032,Paul,Cotter,Paul Cotter,C,NJD,47.0,https://assets.nhle.com/mugs/nhl/20242025/NJD/8481032.png
8475413,Justin,Dowling,Justin Dowling,C,NJD,37.0,https://assets.nhle.com/mugs/nhl/20242025/NJD/8475413.png
8481518,Nolan,Foote,Nolan Foote,L,NJD,29.0,https://assets.nhle.com/mugs/nhl/20242025/NJD/8481518.png
8479996,Cody,Glass,Cody Glass,C,NJD,12.0,https://assets.nhle.com/mugs/nhl/20242025/NJD/8479996.png
8483531,Brian,Halonen,Brian Halonen,L,NJD,48.0,https://assets.nhle.com/mugs/nhl/20242025/NJD/8483531.png
8482635,Mike,Hardman,Mike Hardman,L,NJD,39.0,https://assets.nhle.com/mugs/nhl/20242025/NJD/8482635.png
8480002,Nico,Hischier,Nico Hischier,C,NJD,13.0,https://assets.nhle.com/mugs/nhl/20242025/NJD/8480002.png
8481559,Jack,Hughes,Jack Hughes,C,NJD,86.0,https://assets.nhle.com/mugs/nhl/20242025/NJD/8481559.png
8477508,Curtis,Lazar,Curtis Lazar,C,NJD,42.0,https://assets.nhle.com/mugs/nhl/20242025/NJD/8477508.png
8481594,Nathan,Légaré,Nathan Légaré,R,NJD,16.0,https://assets.nhle.com/mugs/nhl/20242025/NJD/8481594.png
8477073,Kurtis,MacDermid,Kurtis MacDermid,L,NJD,23.0,https://assets.nhle.com/mugs/nhl/20242025/NJD/8477073.png
8483397,Marc,McLaughlin,Marc McLaughlin,C,NJD,21.0,https://assets.nhle.com/mugs/nhl/20242025/NJD/8483397.png
8478414,Timo,Meier,Timo Meier,R,NJD,28.0,https://assets.nhle.com/mugs/nhl/20242025/NJD/8478414.png
8482110,Dawson,Mercer,Dawson Mercer,C,NJD,91.0,https://assets.nhle.com/mugs/nhl/20242025/NJD/8482110.png
8476474,Stefan,Noesen,Stefan Noesen,R,NJD,11.0,https://assets.nhle.com/mugs/nhl/20242025/NJD/8476474.png
8476292,Ondrej,Palat,Ondrej Palat,L,NJD,18.0,https://assets.nhle.com/mugs/nhl/20242025/NJD/8476292.png
8478466,Daniel,Sprong,Daniel Sprong,R,NJD,10.0,https://assets.nhle.com/mugs/nhl/20242025/NJD/8478466.png
8475193,Tomas,Tatar,Tomas Tatar,L,NJD,90.0,https://assets.nhle.com/mugs/nhl/20242025/NJD/8475193.png
8483429,Seamus,Casey,Seamus Casey,D,NJD,24.0,https://assets.nhle.com/mugs/nhl/20242025/NJD/8483429.png
8479395,Dennis,Cholowski,Dennis Cholowski,D,NJD,44.0,https://assets.nhle.com/mugs/nhl/20242025/NJD/8479395.png
8475455,Brenden,Dillon,Brenden Dillon,D,NJD,5.0,https://assets.nhle.com/mugs/nhl/20242025/NJD/8475455.png
8475208,Brian,Dumoulin,Brian Dumoulin,D,NJD,2.0,https://assets.nhle.com/mugs/nhl/20242025/NJD/8475208.png
8476462,Dougie,Hamilton,Dougie Hamilton,D,NJD,7.0,https://assets.nhle.com/mugs/nhl/20242025/NJD/8476462.png
8482684,Luke,Hughes,Luke Hughes,D,NJD,43.0,https://assets.nhle.com/mugs/nhl/20242025/NJD/8482684.png
8480192,Johnathan,Kovacevic,Johnathan Kovacevic,D,NJD,8.0,https://assets.nhle.com/mugs/nhl/20242025/NJD/8480192.png
8483495,Simon,Nemec,Simon Nemec,D,NJD,17.0,https://assets.nhle.com/mugs/nhl/20242025/NJD/8483495.png
8477488,Brett,Pesce,Brett Pesce,D,NJD,22.0,https://assets.nhle.com/mugs/nhl/20242025/NJD/8477488.png
8478399,Jonas,Siegenthaler,Jonas Siegenthaler,D,NJD,71.0,https://assets.nhle.com/mugs/nhl/20242025/NJD/8478399.png
8482873,Topias,Vilen,Topias Vilen,D,NJD,38.0,https://assets.nhle.com/mugs/nhl/20242025/NJD/8482873.png
8478841,Colton,White,Colton White,D,NJD,45.0,https://assets.nhle.com/mugs/nhl/20242025/NJD/8478841.png
8474596,Jake,Allen,Jake Allen,G,NJD,34.0,https://assets.nhle.com/mugs/nhl/20242025/NJD/8474596.png
8482076,Nico,Daws,Nico Daws,G,NJD,50.0,https://assets.nhle.com/mugs/nhl/20242025/NJD/8482076.png
8474593,Jacob,Markstrom,Jacob Markstrom,G,NJD,25.0,https://assets.nhle.com/mugs/nhl/20242025/NJD/8474593.png
8483659,Isaac,Poulter,Isaac Poulter,G,NJD,65.0,https://assets.nhle.com/mugs/nhl/20242025/NJD/8483659.png
8477493,Aleksander,Barkov,Aleksander Barkov,C,FLA,16.0,https://assets.nhle.com/mugs/nhl/20242025/FLA/8477493.png
8477935,Sam,Bennett,Sam Bennett,C,FLA,9.0,https://assets.nhle.com/mugs/nhl/20242025/FLA/8477935.png
8480003,Jesper,Boqvist,Jesper Boqvist,C,FLA,70.0,https://assets.nhle.com/mugs/nhl/20242025/FLA/8480003.png
8479981,Jonah,Gadjovich,Jonah Gadjovich,L,FLA,12.0,https://assets.nhle.com/mugs/nhl/20242025/FLA/8479981.png
8478421,A.J.,Greer,A.J. Greer,L,FLA,10.0,https://assets.nhle.com/mugs/nhl/20242025/FLA/8478421.png
8482113,Anton,Lundell,Anton Lundell,C,FLA,15.0,https://assets.nhle.com/mugs/nhl/20242025/FLA/8482113.png
8480185,Eetu,Luostarinen,Eetu Luostarinen,C,FLA,27.0,https://assets.nhle.com/mugs/nhl/20242025/FLA/8480185.png
8473419,Brad,Marchand,Brad Marchand,C,FLA,63.0,https://assets.nhle.com/mugs/nhl/20242025/FLA/8473419.png
8477931,Tomas,Nosek,Tomas Nosek,L,FLA,92.0,https://assets.nhle.com/mugs/nhl/20242025/FLA/8477931.png
8477933,Sam,Reinhart,Sam Reinhart,C,FLA,13.0,https://assets.nhle.com/mugs/nhl/20242025/FLA/8477933.png
8478542,Evan,Rodrigues,Evan Rodrigues,C,FLA,17.0,https://assets.nhle.com/mugs/nhl/20242025/FLA/8478542.png
8482713,Mackie,Samoskevich,Mackie Samoskevich,R,FLA,25.0,https://assets.nhle.com/mugs/nhl/20242025/FLA/8482713.png
8481477,Nico,Sturm,Nico Sturm,C,FLA,8.0,https://assets.nhle.com/mugs/nhl/20242025/FLA/8481477.png
8479314,Matthew,Tkachuk,Matthew Tkachuk,L,FLA,19.0,https://assets.nhle.com/mugs/nhl/20242025/FLA/8479314.png
8477409,Carter,Verhaeghe,Carter Verhaeghe,C,FLA,23.0,https://assets.nhle.com/mugs/nhl/20242025/FLA/8477409.png
8484304,Uvis,Balinskis,Uvis Balinskis,D,FLA,26.0,https://assets.nhle.com/mugs/nhl/20242025/FLA/8484304.png
8477932,Aaron,Ekblad,Aaron Ekblad,D,FLA,5.0,https://assets.nhle.com/mugs/nhl/20242025/FLA/8477932.png
8478055,Gustav,Forsling,Gustav Forsling,D,FLA,42.0,https://assets.nhle.com/mugs/nhl/20242025/FLA/8478055.png
8477495,Seth,Jones,Seth Jones,D,FLA,3.0,https://assets.nhle.com/mugs/nhl/20242025/FLA/8477495.png
8475179,Dmitry,Kulikov,Dmitry Kulikov,D,FLA,7.0,https://assets.nhle.com/mugs/nhl/20242025/FLA/8475179.png
8477034,Jaycob,Megna,Jaycob Megna,D,FLA,6.0,https://assets.nhle.com/mugs/nhl/20242025/FLA/8477034.png
8478859,Niko,Mikkola,Niko Mikkola,D,FLA,77.0,https://assets.nhle.com/mugs/nhl/20242025/FLA/8478859.png
8477220,Nate,Schmidt,Nate Schmidt,D,FLA,88.0,https://assets.nhle.com/mugs/nhl/20242025/FLA/8477220.png
8475683,Sergei,Bobrovsky,Sergei Bobrovsky,G,FLA,72.0,https://assets.nhle.com/mugs/nhl/20242025/FLA/8475683.png
8480193,Daniil,Tarasov,Daniil Tarasov,G,FLA,,https://assets.nhle.com/mugs/nhl/20242025/FLA/8480193.png
8477970,Vitek,Vanecek,Vitek Vanecek,G,FLA,41.0,https://assets.nhle.com/mugs/nhl/20242025/FLA/8477970.png
8481720,Nick,Abruzzese,Nick Abruzzese,C,TOR,26.0,https://assets.nhle.com/mugs/nhl/20242025/TOR/8481720.png
8477503,Max,Domi,Max Domi,C,TOR,11.0,https://assets.nhle.com/mugs/nhl/20242025/TOR/8477503.png
8482130,Roni,Hirvonen,Roni Hirvonen,C,TOR,33.0,https://assets.nhle.com/mugs/nhl/20242025/TOR/8482130.png
8480995,Pontus,Holmberg,Pontus Holmberg,R,TOR,29.0,https://assets.nhle.com/mugs/nhl/20242025/TOR/8480995.png
8475714,Calle,Jarnkrok,Calle Jarnkrok,C,TOR,19.0,https://assets.nhle.com/mugs/nhl/20242025/TOR/8475714.png
8481147,Reese,Johnson,Reese Johnson,C,TOR,71.0,https://assets.nhle.com/mugs/nhl/20242025/TOR/8481147.png
8480144,David,Kampf,David Kampf,C,TOR,64.0,https://assets.nhle.com/mugs/nhl/20242025/TOR/8480144.png
8482720,Matthew,Knies,Matthew Knies,L,TOR,23.0,https://assets.nhle.com/mugs/nhl/20242025/TOR/8482720.png
8476872,Scott,Laughton,Scott Laughton,L,TOR,24.0,https://assets.nhle.com/mugs/nhl/20242025/TOR/8476872.png
8478904,Steven,Lorentz,Steven Lorentz,C,TOR,18.0,https://assets.nhle.com/mugs/nhl/20242025/TOR/8478904.png
8481711,Matias,Maccelli,Matias Maccelli,L,TOR,,https://assets.nhle.com/mugs/nhl/20242025/TOR/8481711.png
8478483,Mitch,Marner,Mitch Marner,R,TOR,16.0,https://assets.nhle.com/mugs/nhl/20242025/TOR/8478483.png
8479318,Auston,Matthews,Auston Matthews,C,TOR,34.0,https://assets.nhle.com/mugs/nhl/20242025/TOR/8479318.png
8482259,Bobby,McMann,Bobby McMann,C,TOR,74.0,https://assets.nhle.com/mugs/nhl/20242025/TOR/8482259.png
8479423,Alex,Nylander,Alex Nylander,L,TOR,92.0,https://assets.nhle.com/mugs/nhl/20242025/TOR/8479423.png
8477939,William,Nylander,William Nylander,R,TOR,88.0,https://assets.nhle.com/mugs/nhl/20242025/TOR/8477939.png
8474157,Max,Pacioretty,Max Pacioretty,L,TOR,67.0,https://assets.nhle.com/mugs/nhl/20242025/TOR/8474157.png
8484901,Jacob,Quillan,Jacob Quillan,C,TOR,61.0,https://assets.nhle.com/mugs/nhl/20242025/TOR/8484901.png
8471817,Ryan,Reaves,Ryan Reaves,R,TOR,75.0,https://assets.nhle.com/mugs/nhl/20242025/TOR/8471817.png
8481582,Nicholas,Robertson,Nicholas Robertson,L,TOR,89.0,https://assets.nhle.com/mugs/nhl/20242025/TOR/8481582.png
8482634,Alex,Steeves,Alex Steeves,C,TOR,46.0,https://assets.nhle.com/mugs/nhl/20242025/TOR/8482634.png
8475166,John,Tavares,John Tavares,C,TOR,91.0,https://assets.nhle.com/mugs/nhl/20242025/TOR/8475166.png
8476988,Matt,Benning,Matt Benning,D,TOR,55.0,https://assets.nhle.com/mugs/nhl/20242025/TOR/8476988.png
8481122,Simon,Benoit,Simon Benoit,D,TOR,2.0,https://assets.nhle.com/mugs/nhl/20242025/TOR/8481122.png
8478443,Brandon,Carlo,Brandon Carlo,D,TOR,25.0,https://assets.nhle.com/mugs/nhl/20242025/TOR/8478443.png
8475171,Oliver,Ekman-Larsson,Oliver Ekman-Larsson,D,TOR,95.0,https://assets.nhle.com/mugs/nhl/20242025/TOR/8475171.png
8475825,Jani,Hakanpää,Jani Hakanpää,D,TOR,28.0,https://assets.nhle.com/mugs/nhl/20242025/TOR/8475825.png
8481614,Mikko,Kokkonen,Mikko Kokkonen,D,TOR,84.0,https://assets.nhle.com/mugs/nhl/20242025/TOR/8481614.png
8476931,Jake,McCabe,Jake McCabe,D,TOR,22.0,https://assets.nhle.com/mugs/nhl/20242025/TOR/8476931.png
8477541,Dakota,Mermis,Dakota Mermis,D,TOR,36.0,https://assets.nhle.com/mugs/nhl/20242025/TOR/8477541.png
8479026,Philippe,Myers,Philippe Myers,D,TOR,51.0,https://assets.nhle.com/mugs/nhl/20242025/TOR/8479026.png
8482158,Topi,Niemela,Topi Niemela,D,TOR,47.0,https://assets.nhle.com/mugs/nhl/20242025/TOR/8482158.png
8476853,Morgan,Rielly,Morgan Rielly,D,TOR,44.0,https://assets.nhle.com/mugs/nhl/20242025/TOR/8476853.png
8483546,Marshall,Rifai,Marshall Rifai,D,TOR,83.0,https://assets.nhle.com/mugs/nhl/20242025/TOR/8483546.png
8475690,Chris,Tanev,Chris Tanev,D,TOR,8.0,https://assets.nhle.com/mugs/nhl/20242025/TOR/8475690.png
8482174,William,Villeneuve,William Villeneuve,D,TOR,76.0,https://assets.nhle.com/mugs/nhl/20242025/TOR/8482174.png
8481570,Cade,Webber,Cade Webber,D,TOR,52.0,https://assets.nhle.com/mugs/nhl/20242025/TOR/8481570.png
8482515,Artur,Akhtyamov,Artur Akhtyamov,G,TOR,70.0,https://assets.nhle.com/mugs/nhl/20242025/TOR/8482515.png
8483710,Dennis,Hildeby,Dennis Hildeby,G,TOR,35.0,https://assets.nhle.com/mugs/nhl/20242025/TOR/8483710.png
8476899,Matt,Murray,Matt Murray,G,TOR,30.0,https://assets.nhle.com/mugs/nhl/20242025/TOR/8476899.png
8476932,Anthony,Stolarz,Anthony Stolarz,G,TOR,41.0,https://assets.nhle.com/mugs/nhl/20242025/TOR/8476932.png
8479361,Joseph,Woll,Joseph Woll,G,TOR,60.0,https://assets.nhle.com/mugs/nhl/20242025/TOR/8479361.png
8482124,Quinton,Byfield,Quinton Byfield,R,LAK,55.0,https://assets.nhle.com/mugs/nhl/20242025/LAK/8482124.png
8476479,Phillip,Danault,Phillip Danault,C,LAK,24.0,https://assets.nhle.com/mugs/nhl/20242025/LAK/8476479.png
8477942,Kevin,Fiala,Kevin Fiala,L,LAK,22.0,https://assets.nhle.com/mugs/nhl/20242025/LAK/8477942.png
8477998,Warren,Foegele,Warren Foegele,L,LAK,37.0,https://assets.nhle.com/mugs/nhl/20242025/LAK/8477998.png
8482726,Samuel,Helenius,Samuel Helenius,C,LAK,79.0,https://assets.nhle.com/mugs/nhl/20242025/LAK/8482726.png
8479661,Tanner,Jeannot,Tanner Jeannot,L,LAK,10.0,https://assets.nhle.com/mugs/nhl/20242025/LAK/8479661.png
8477960,Adrian,Kempe,Adrian Kempe,R,LAK,9.0,https://assets.nhle.com/mugs/nhl/20242025/LAK/8477960.png
8471685,Anze,Kopitar,Anze Kopitar,C,LAK,11.0,https://assets.nhle.com/mugs/nhl/20242025/LAK/8471685.png
8483808,Andrei,Kuzmenko,Andrei Kuzmenko,L,LAK,96.0,https://assets.nhle.com/mugs/nhl/20242025/LAK/8483808.png
8482155,Alex,Laferriere,Alex Laferriere,R,LAK,14.0,https://assets.nhle.com/mugs/nhl/20242025/LAK/8482155.png
8473453,Trevor,Lewis,Trevor Lewis,C,LAK,61.0,https://assets.nhle.com/mugs/nhl/20242025/LAK/8473453.png
8482408,Jeff,Malott,Jeff Malott,L,LAK,39.0,https://assets.nhle.com/mugs/nhl/20242025/LAK/8482408.png
8479675,Trevor,Moore,Trevor Moore,L,LAK,12.0,https://assets.nhle.com/mugs/nhl/20242025/LAK/8479675.png
8482748,Francesco,Pinelli,Francesco Pinelli,C,LAK,73.0,https://assets.nhle.com/mugs/nhl/20242025/LAK/8482748.png
8480021,Jack,Studnicka,Jack Studnicka,C,LAK,53.0,https://assets.nhle.com/mugs/nhl/20242025/LAK/8480021.png
8480851,Akil,Thomas,Akil Thomas,C,LAK,26.0,https://assets.nhle.com/mugs/nhl/20242025/LAK/8480851.png
8481532,Alex,Turcotte,Alex Turcotte,C,LAK,15.0,https://assets.nhle.com/mugs/nhl/20242025/LAK/8481532.png
8483406,Taylor,Ward,Taylor Ward,R,LAK,52.0,https://assets.nhle.com/mugs/nhl/20242025/LAK/8483406.png
8479998,Mikey,Anderson,Mikey Anderson,D,LAK,44.0,https://assets.nhle.com/mugs/nhl/20242025/LAK/8479998.png
8477335,Kyle,Burroughs,Kyle Burroughs,D,LAK,7.0,https://assets.nhle.com/mugs/nhl/20242025/LAK/8477335.png
8482730,Brandt,Clarke,Brandt Clarke,D,LAK,92.0,https://assets.nhle.com/mugs/nhl/20242025/LAK/8482730.png
8474563,Drew,Doughty,Drew Doughty,D,LAK,8.0,https://assets.nhle.com/mugs/nhl/20242025/LAK/8474563.png
8476441,Joel,Edmundson,Joel Edmundson,D,LAK,6.0,https://assets.nhle.com/mugs/nhl/20242025/LAK/8476441.png
8478882,Vladislav,Gavrikov,Vladislav Gavrikov,D,LAK,84.0,https://assets.nhle.com/mugs/nhl/20242025/LAK/8478882.png
8478452,Caleb,Jones,Caleb Jones,D,LAK,82.0,https://assets.nhle.com/mugs/nhl/20242025/LAK/8478452.png
8479421,Jacob,Moverare,Jacob Moverare,D,LAK,43.0,https://assets.nhle.com/mugs/nhl/20242025/LAK/8479421.png
8477831,Pheonix,Copley,Pheonix Copley,G,LAK,29.0,https://assets.nhle.com/mugs/nhl/20242025/LAK/8477831.png
8484857,Carter,George,Carter George,G,LAK,40.0,https://assets.nhle.com/mugs/nhl/20242025/LAK/8484857.png
8475311,Darcy,Kuemper,Darcy Kuemper,G,LAK,35.0,https://assets.nhle.com/mugs/nhl/20242025/LAK/8475311.png
8479496,David,Rittich,David Rittich,G,LAK,31.0,https://assets.nhle.com/mugs/nhl/20242025/LAK/8479496.png
8478047,Michael,Bunting,Michael Bunting,L,NSH,58.0,https://assets.nhle.com/mugs/nhl/20242025/NSH/8478047.png
8482146,Luke,Evangelista,Luke Evangelista,R,NSH,77.0,https://assets.nhle.com/mugs/nhl/20242025/NSH/8482146.png
8476887,Filip,Forsberg,Filip Forsberg,L,NSH,9.0,https://assets.nhle.com/mugs/nhl/20242025/NSH/8476887.png
8475287,Erik,Haula,Erik Haula,L,NSH,56.0,https://assets.nhle.com/mugs/nhl/20242025/NSH/8475287.png
8482742,Zachary,L'Heureux,Zachary L'Heureux,L,NSH,68.0,https://assets.nhle.com/mugs/nhl/20242025/NSH/8482742.png
8476539,Jonathan,Marchessault,Jonathan Marchessault,C,NSH,81.0,https://assets.nhle.com/mugs/nhl/20242025/NSH/8476539.png
8477446,Michael,McCarron,Michael McCarron,R,NSH,47.0,https://assets.nhle.com/mugs/nhl/20242025/NSH/8477446.png
8475158,Ryan,O'Reilly,Ryan O'Reilly,C,NSH,90.0,https://assets.nhle.com/mugs/nhl/20242025/NSH/8475158.png
8482062,Cole,Smith,Cole Smith,L,NSH,36.0,https://assets.nhle.com/mugs/nhl/20242025/NSH/8482062.png
8474564,Steven,Stamkos,Steven Stamkos,C,NSH,91.0,https://assets.nhle.com/mugs/nhl/20242025/NSH/8474564.png
8477944,Jakub,Vrana,Jakub Vrana,L,NSH,19.0,https://assets.nhle.com/mugs/nhl/20242025/NSH/8477944.png
8484241,Matthew,Wood,Matthew Wood,R,NSH,52.0,https://assets.nhle.com/mugs/nhl/20242025/NSH/8484241.png
8482111,Justin,Barron,Justin Barron,D,NSH,20.0,https://assets.nhle.com/mugs/nhl/20242025/NSH/8482111.png
8483565,Nick,Blankenburg,Nick Blankenburg,D,NSH,37.0,https://assets.nhle.com/mugs/nhl/20242025/NSH/8483565.png
8477971,Andreas,Englund,Andreas Englund,D,NSH,8.0,https://assets.nhle.com/mugs/nhl/20242025/NSH/8477971.png
8479980,Nicolas,Hague,Nicolas Hague,D,NSH,,https://assets.nhle.com/mugs/nhl/20242025/NSH/8479980.png
8474600,Roman,Josi,Roman Josi,D,NSH,59.0,https://assets.nhle.com/mugs/nhl/20242025/NSH/8474600.png
8477851,Jordan,Oesterle,Jordan Oesterle,D,NSH,82.0,https://assets.nhle.com/mugs/nhl/20242025/NSH/8477851.png
8476869,Brady,Skjei,Brady Skjei,D,NSH,76.0,https://assets.nhle.com/mugs/nhl/20242025/NSH/8476869.png
8482482,Adam,Wilsby,Adam Wilsby,D,NSH,83.0,https://assets.nhle.com/mugs/nhl/20242025/NSH/8482482.png
8481020,Justus,Annunen,Justus Annunen,G,NSH,29.0,https://assets.nhle.com/mugs/nhl/20242025/NSH/8481020.png
8477424,Juuse,Saros,Juuse Saros,G,NSH,74.0,https://assets.nhle.com/mugs/nhl/20242025/NSH/8477424.png
8479994,Jaret,Anderson-Dolan,Jaret Anderson-Dolan,C,WPG,28.0,https://assets.nhle.com/mugs/nhl/20242025/WPG/8479994.png
8478891,Mason,Appleton,Mason Appleton,C,WPG,22.0,https://assets.nhle.com/mugs/nhl/20242025/WPG/8478891.png
8480289,Morgan,Barron,Morgan Barron,C,WPG,36.0,https://assets.nhle.com/mugs/nhl/20242025/WPG/8480289.png
8478398,Kyle,Connor,Kyle Connor,L,WPG,81.0,https://assets.nhle.com/mugs/nhl/20242025/WPG/8478398.png
8477940,Nikolaj,Ehlers,Nikolaj Ehlers,L,WPG,27.0,https://assets.nhle.com/mugs/nhl/20242025/WPG/8477940.png
8484135,Parker,Ford,Parker Ford,C,WPG,73.0,https://assets.nhle.com/mugs/nhl/20242025/WPG/8484135.png
8481019,David,Gustafsson,David Gustafsson,C,WPG,19.0,https://assets.nhle.com/mugs/nhl/20242025/WPG/8481019.png
8480113,Alex,Iafallo,Alex Iafallo,L,WPG,9.0,https://assets.nhle.com/mugs/nhl/20242025/WPG/8480113.png
8480845,Rasmus,Kupari,Rasmus Kupari,C,WPG,15.0,https://assets.nhle.com/mugs/nhl/20242025/WPG/8480845.png
8476392,Adam,Lowry,Adam Lowry,C,WPG,17.0,https://assets.nhle.com/mugs/nhl/20242025/WPG/8476392.png
8476480,Vladislav,Namestnikov,Vladislav Namestnikov,C,WPG,7.0,https://assets.nhle.com/mugs/nhl/20242025/WPG/8476480.png
8475799,Nino,Niederreiter,Nino Niederreiter,R,WPG,62.0,https://assets.nhle.com/mugs/nhl/20242025/WPG/8475799.png
8482149,Cole,Perfetti,Cole Perfetti,C,WPG,91.0,https://assets.nhle.com/mugs/nhl/20242025/WPG/8482149.png
8476460,Mark,Scheifele,Mark Scheifele,C,WPG,55.0,https://assets.nhle.com/mugs/nhl/20242025/WPG/8476460.png
8479972,Mason,Shaw,Mason Shaw,C,WPG,23.0,https://assets.nhle.com/mugs/nhl/20242025/WPG/8479972.png
8479293,Brandon,Tanev,Brandon Tanev,L,WPG,73.0,https://assets.nhle.com/mugs/nhl/20242025/WPG/8479293.png
8476952,Dominic,Toninato,Dominic Toninato,C,WPG,21.0,https://assets.nhle.com/mugs/nhl/20242025/WPG/8476952.png
8480014,Gabriel,Vilardi,Gabriel Vilardi,C,WPG,13.0,https://assets.nhle.com/mugs/nhl/20242025/WPG/8480014.png
8484242,Brayden,Yager,Brayden Yager,C,WPG,29.0,https://assets.nhle.com/mugs/nhl/20242025/WPG/8484242.png
8479639,Dylan,Coghlan,Dylan Coghlan,D,WPG,52.0,https://assets.nhle.com/mugs/nhl/20242025/WPG/8479639.png
8476331,Dylan,DeMelo,Dylan DeMelo,D,WPG,2.0,https://assets.nhle.com/mugs/nhl/20242025/WPG/8476331.png
8477938,Haydn,Fleury,Haydn Fleury,D,WPG,24.0,https://assets.nhle.com/mugs/nhl/20242025/WPG/8477938.png
8481572,Ville,Heinola,Ville Heinola,D,WPG,14.0,https://assets.nhle.com/mugs/nhl/20242025/WPG/8481572.png
8476525,Colin,Miller,Colin Miller,D,WPG,6.0,https://assets.nhle.com/mugs/nhl/20242025/WPG/8476525.png
8477504,Josh,Morrissey,Josh Morrissey,D,WPG,44.0,https://assets.nhle.com/mugs/nhl/20242025/WPG/8477504.png
8482192,Isaak,Phillips,Isaak Phillips,D,WPG,,https://assets.nhle.com/mugs/nhl/20242025/WPG/8482192.png
8480145,Neal,Pionk,Neal Pionk,D,WPG,4.0,https://assets.nhle.com/mugs/nhl/20242025/WPG/8480145.png
8483510,Elias,Salomonsson,Elias Salomonsson,D,WPG,57.0,https://assets.nhle.com/mugs/nhl/20242025/WPG/8483510.png
8480049,Dylan,Samberg,Dylan Samberg,D,WPG,54.0,https://assets.nhle.com/mugs/nhl/20242025/WPG/8480049.png
8474568,Luke,Schenn,Luke Schenn,D,WPG,5.0,https://assets.nhle.com/mugs/nhl/20242025/WPG/8474568.png
8479378,Logan,Stanley,Logan Stanley,D,WPG,64.0,https://assets.nhle.com/mugs/nhl/20242025/WPG/8479378.png
8477480,Eric,Comrie,Eric Comrie,G,WPG,1.0,https://assets.nhle.com/mugs/nhl/20242025/WPG/8477480.png
8476904,Chris,Driedger,Chris Driedger,G,WPG,60.0,https://assets.nhle.com/mugs/nhl/20242025/WPG/8476904.png
8476945,Connor,Hellebuyck,Connor Hellebuyck,G,WPG,37.0,https://assets.nhle.com/mugs/nhl/20242025/WPG/8476945.png
8482737,Zachary,Bolduc,Zachary Bolduc,R,STL,76.0,https://assets.nhle.com/mugs/nhl/20242025/STL/8482737.png
8477402,Pavel,Buchnevich,Pavel Buchnevich,L,STL,89.0,https://assets.nhle.com/mugs/nhl/20242025/STL/8477402.png
8476889,Radek,Faksa,Radek Faksa,C,STL,12.0,https://assets.nhle.com/mugs/nhl/20242025/STL/8476889.png
8482077,Dylan,Holloway,Dylan Holloway,L,STL,81.0,https://assets.nhle.com/mugs/nhl/20242025/STL/8482077.png
8478472,Mathieu,Joseph,Mathieu Joseph,R,STL,71.0,https://assets.nhle.com/mugs/nhl/20242025/STL/8478472.png
8479385,Jordan,Kyrou,Jordan Kyrou,R,STL,25.0,https://assets.nhle.com/mugs/nhl/20242025/STL/8479385.png
8482089,Jake,Neighbours,Jake Neighbours,L,STL,63.0,https://assets.nhle.com/mugs/nhl/20242025/STL/8482089.png
8475170,Brayden,Schenn,Brayden Schenn,C,STL,10.0,https://assets.nhle.com/mugs/nhl/20242025/STL/8475170.png
8483516,Jimmy,Snuggerud,Jimmy Snuggerud,R,STL,21.0,https://assets.nhle.com/mugs/nhl/20242025/STL/8483516.png
8476897,Oskar,Sundqvist,Oskar Sundqvist,C,STL,70.0,https://assets.nhle.com/mugs/nhl/20242025/STL/8476897.png
8480074,Alexandre,Texier,Alexandre Texier,L,STL,9.0,https://assets.nhle.com/mugs/nhl/20242025/STL/8480074.png
8480023,Robert,Thomas,Robert Thomas,C,STL,18.0,https://assets.nhle.com/mugs/nhl/20242025/STL/8480023.png
8480281,Alexey,Toropchenko,Alexey Toropchenko,R,STL,13.0,https://assets.nhle.com/mugs/nhl/20242025/STL/8480281.png
8477573,Nathan,Walker,Nathan Walker,L,STL,26.0,https://assets.nhle.com/mugs/nhl/20242025/STL/8477573.png
8481598,Philip,Broberg,Philip Broberg,D,STL,6.0,https://assets.nhle.com/mugs/nhl/20242025/STL/8481598.png
8475753,Justin,Faulk,Justin Faulk,D,STL,72.0,https://assets.nhle.com/mugs/nhl/20242025/STL/8475753.png
8475764,Cam,Fowler,Cam Fowler,D,STL,17.0,https://assets.nhle.com/mugs/nhl/20242025/STL/8475764.png
8482516,Matthew,Kessel,Matthew Kessel,D,STL,51.0,https://assets.nhle.com/mugs/nhl/20242025/STL/8482516.png
8475181,Nick,Leddy,Nick Leddy,D,STL,4.0,https://assets.nhle.com/mugs/nhl/20242025/STL/8475181.png
8476892,Colton,Parayko,Colton Parayko,D,STL,55.0,https://assets.nhle.com/mugs/nhl/20242025/STL/8476892.png
8470600,Ryan,Suter,Ryan Suter,D,STL,22.0,https://assets.nhle.com/mugs/nhl/20242025/STL/8470600.png
8481006,Tyler,Tucker,Tyler Tucker,D,STL,75.0,https://assets.nhle.com/mugs/nhl/20242025/STL/8481006.png
8476412,Jordan,Binnington,Jordan Binnington,G,STL,50.0,https://assets.nhle.com/mugs/nhl/20242025/STL/8476412.png
8480981,Joel,Hofer,Joel Hofer,G,STL,30.0,https://assets.nhle.com/mugs/nhl/20242025/STL/8480981.png
8474150,Mikael,Backlund,Mikael Backlund,C,CGY,11.0,https://assets.nhle.com/mugs/nhl/20242025/CGY/8474150.png
8476399,Blake,Coleman,Blake Coleman,L,CGY,20.0,https://assets.nhle.com/mugs/nhl/20242025/CGY/8476399.png
8482679,Matt,Coronato,Matt Coronato,R,CGY,27.0,https://assets.nhle.com/mugs/nhl/20242025/CGY/8482679.png
8480797,Joel,Farabee,Joel Farabee,L,CGY,86.0,https://assets.nhle.com/mugs/nhl/20242025/CGY/8480797.png
8480028,Morgan,Frost,Morgan Frost,C,CGY,16.0,https://assets.nhle.com/mugs/nhl/20242025/CGY/8480028.png
8476456,Jonathan,Huberdeau,Jonathan Huberdeau,L,CGY,10.0,https://assets.nhle.com/mugs/nhl/20242025/CGY/8476456.png
8475172,Nazem,Kadri,Nazem Kadri,C,CGY,91.0,https://assets.nhle.com/mugs/nhl/20242025/CGY/8475172.png
8477993,Justin,Kirkland,Justin Kirkland,C,CGY,58.0,https://assets.nhle.com/mugs/nhl/20242025/CGY/8477993.png
8479066,Ryan,Lomberg,Ryan Lomberg,L,CGY,70.0,https://assets.nhle.com/mugs/nhl/20242025/CGY/8479066.png
8477511,Anthony,Mantha,Anthony Mantha,R,CGY,39.0,https://assets.nhle.com/mugs/nhl/20242025/CGY/8477511.png
8481028,Martin,Pospisil,Martin Pospisil,C,CGY,76.0,https://assets.nhle.com/mugs/nhl/20242025/CGY/8481028.png
8479291,Kevin,Rooney,Kevin Rooney,C,CGY,21.0,https://assets.nhle.com/mugs/nhl/20242025/CGY/8479291.png
8481068,Yegor,Sharangovich,Yegor Sharangovich,C,CGY,17.0,https://assets.nhle.com/mugs/nhl/20242025/CGY/8481068.png
8484234,Aydar,Suniev,Aydar Suniev,L,CGY,36.0,https://assets.nhle.com/mugs/nhl/20242025/CGY/8484234.png
8482074,Connor,Zary,Connor Zary,C,CGY,47.0,https://assets.nhle.com/mugs/nhl/20242025/CGY/8482074.png
8478397,Rasmus,Andersson,Rasmus Andersson,D,CGY,4.0,https://assets.nhle.com/mugs/nhl/20242025/CGY/8478397.png
8480860,Kevin,Bahl,Kevin Bahl,D,CGY,7.0,https://assets.nhle.com/mugs/nhl/20242025/CGY/8480860.png
8479402,Jake,Bean,Jake Bean,D,CGY,24.0,https://assets.nhle.com/mugs/nhl/20242025/CGY/8479402.png
8477810,Joel,Hanley,Joel Hanley,D,CGY,44.0,https://assets.nhle.com/mugs/nhl/20242025/CGY/8477810.png
8482624,Daniil,Miromanov,Daniil Miromanov,D,CGY,62.0,https://assets.nhle.com/mugs/nhl/20242025/CGY/8482624.png
8481167,Brayden,Pachal,Brayden Pachal,D,CGY,94.0,https://assets.nhle.com/mugs/nhl/20242025/CGY/8481167.png
8484768,Zayne,Parekh,Zayne Parekh,D,CGY,89.0,https://assets.nhle.com/mugs/nhl/20242025/CGY/8484768.png
8482470,Ilya,Solovyov,Ilya Solovyov,D,CGY,98.0,https://assets.nhle.com/mugs/nhl/20242025/CGY/8482470.png
8477346,MacKenzie,Weegar,MacKenzie Weegar,D,CGY,52.0,https://assets.nhle.com/mugs/nhl/20242025/CGY/8477346.png
8478435,Dan,Vladar,Dan Vladar,G,CGY,80.0,https://assets.nhle.com/mugs/nhl/20242025/CGY/8478435.png
8481692,Dustin,Wolf,Dustin Wolf,G,CGY,32.0,https://assets.nhle.com/mugs/nhl/20242025/CGY/8481692.png
8484144,Connor,Bedard,Connor Bedard,C,CHI,98.0,https://assets.nhle.com/mugs/nhl/20242025/CHI/8484144.png
8477479,Tyler,Bertuzzi,Tyler Bertuzzi,L,CHI,59.0,https://assets.nhle.com/mugs/nhl/20242025/CHI/8477479.png
8477444,Andre,Burakovsky,Andre Burakovsky,L,CHI,,https://assets.nhle.com/mugs/nhl/20242025/CHI/8477444.png
8477450,Jason,Dickinson,Jason Dickinson,C,CHI,16.0,https://assets.nhle.com/mugs/nhl/20242025/CHI/8477450.png
8477987,Ryan,Donato,Ryan Donato,C,CHI,8.0,https://assets.nhle.com/mugs/nhl/20242025/CHI/8477987.png
8473422,Nick,Foligno,Nick Foligno,L,CHI,17.0,https://assets.nhle.com/mugs/nhl/20242025/CHI/8473422.png
8483450,Ryan,Greene,Ryan Greene,C,CHI,20.0,https://assets.nhle.com/mugs/nhl/20242025/CHI/8483450.png
8480798,Philipp,Kurashev,Philipp Kurashev,C,CHI,23.0,https://assets.nhle.com/mugs/nhl/20242025/CHI/8480798.png
8474034,Patrick,Maroon,Patrick Maroon,L,CHI,77.0,https://assets.nhle.com/mugs/nhl/20242025/CHI/8474034.png
8481624,Ilya,Mikheyev,Ilya Mikheyev,R,CHI,95.0,https://assets.nhle.com/mugs/nhl/20242025/CHI/8481624.png
8484197,Oliver,Moore,Oliver Moore,C,CHI,11.0,https://assets.nhle.com/mugs/nhl/20242025/CHI/8484197.png
8483493,Frank,Nazar,Frank Nazar,C,CHI,91.0,https://assets.nhle.com/mugs/nhl/20242025/CHI/8483493.png
8482117,Lukas,Reichel,Lukas Reichel,L,CHI,73.0,https://assets.nhle.com/mugs/nhl/20242025/CHI/8482117.png
8482172,Landon,Slaggert,Landon Slaggert,L,CHI,84.0,https://assets.nhle.com/mugs/nhl/20242025/CHI/8482172.png
8476882,Teuvo,Teravainen,Teuvo Teravainen,C,CHI,86.0,https://assets.nhle.com/mugs/nhl/20242025/CHI/8476882.png
8481806,Louis,Crevier,Louis Crevier,D,CHI,46.0,https://assets.nhle.com/mugs/nhl/20242025/CHI/8481806.png
8482176,Wyatt,Kaiser,Wyatt Kaiser,D,CHI,44.0,https://assets.nhle.com/mugs/nhl/20242025/CHI/8482176.png
8484783,Artyom,Levshunov,Artyom Levshunov,D,CHI,55.0,https://assets.nhle.com/mugs/nhl/20242025/CHI/8484783.png
8474166,Alec,Martinez,Alec Martinez,D,CHI,25.0,https://assets.nhle.com/mugs/nhl/20242025/CHI/8474166.png
8476473,Connor,Murphy,Connor Murphy,D,CHI,5.0,https://assets.nhle.com/mugs/nhl/20242025/CHI/8476473.png
8483506,Sam,Rinzel,Sam Rinzel,D,CHI,6.0,https://assets.nhle.com/mugs/nhl/20242025/CHI/8483506.png
8481568,Alex,Vlasic,Alex Vlasic,D,CHI,72.0,https://assets.nhle.com/mugs/nhl/20242025/CHI/8481568.png
8481519,Spencer,Knight,Spencer Knight,G,CHI,30.0,https://assets.nhle.com/mugs/nhl/20242025/CHI/8481519.png
8482821,Arvid,Soderblom,Arvid Soderblom,G,CHI,40.0,https://assets.nhle.com/mugs/nhl/20242025/CHI/8482821.png
8477979,Nicolas,Aube-Kubel,Nicolas Aube-Kubel,R,NYR,96.0,https://assets.nhle.com/mugs/nhl/20242025/NYR/8477979.png
8482132,Brett,Berard,Brett Berard,L,NYR,65.0,https://assets.nhle.com/mugs/nhl/20242025/NYR/8482132.png
8477380,Jonny,Brodzinski,Jonny Brodzinski,C,NYR,22.0,https://assets.nhle.com/mugs/nhl/20242025/NYR/8477380.png
8475842,Sam,Carrick,Sam Carrick,C,NYR,39.0,https://assets.nhle.com/mugs/nhl/20242025/NYR/8475842.png
8482157,Will,Cuylle,Will Cuylle,L,NYR,50.0,https://assets.nhle.com/mugs/nhl/20242025/NYR/8482157.png
8481726,Adam,Edstrom,Adam Edstrom,C,NYR,84.0,https://assets.nhle.com/mugs/nhl/20242025/NYR/8481726.png
8481560,Arthur,Kaliyev,Arthur Kaliyev,R,NYR,34.0,https://assets.nhle.com/mugs/nhl/20242025/NYR/8481560.png
8482109,Alexis,Lafrenière,Alexis Lafrenière,L,NYR,13.0,https://assets.nhle.com/mugs/nhl/20242025/NYR/8482109.png
8476468,J.T.,Miller,J.T. Miller,L,NYR,8.0,https://assets.nhle.com/mugs/nhl/20242025/NYR/8476468.png
8482747,Brennan,Othmann,Brennan Othmann,L,NYR,78.0,https://assets.nhle.com/mugs/nhl/20242025/NYR/8482747.png
8478550,Artemi,Panarin,Artemi Panarin,L,NYR,10.0,https://assets.nhle.com/mugs/nhl/20242025/NYR/8478550.png
8481704,Juuso,Parssinen,Juuso Parssinen,C,NYR,71.0,https://assets.nhle.com/mugs/nhl/20242025/NYR/8481704.png
8484210,Gabe,Perreault,Gabe Perreault,R,NYR,94.0,https://assets.nhle.com/mugs/nhl/20242025/NYR/8484210.png
8482460,Matt,Rempe,Matt Rempe,C,NYR,73.0,https://assets.nhle.com/mugs/nhl/20242025/NYR/8482460.png
8476389,Vincent,Trocheck,Vincent Trocheck,C,NYR,16.0,https://assets.nhle.com/mugs/nhl/20242025/NYR/8476389.png
8476459,Mika,Zibanejad,Mika Zibanejad,C,NYR,93.0,https://assets.nhle.com/mugs/nhl/20242025/NYR/8476459.png
8478840,Will,Borgen,Will Borgen,D,NYR,17.0,https://assets.nhle.com/mugs/nhl/20242025/NYR/8478840.png
8475177,Calvin,de Haan,Calvin de Haan,D,NYR,44.0,https://assets.nhle.com/mugs/nhl/20242025/NYR/8475177.png
8479323,Adam,Fox,Adam Fox,D,NYR,23.0,https://assets.nhle.com/mugs/nhl/20242025/NYR/8479323.png
8481708,Zac,Jones,Zac Jones,D,NYR,6.0,https://assets.nhle.com/mugs/nhl/20242025/NYR/8481708.png
8480817,K'Andre,Miller,K'Andre Miller,D,NYR,79.0,https://assets.nhle.com/mugs/nhl/20242025/NYR/8480817.png
8482073,Braden,Schneider,Braden Schneider,D,NYR,4.0,https://assets.nhle.com/mugs/nhl/20242025/NYR/8482073.png
8477369,Carson,Soucy,Carson Soucy,D,NYR,24.0,https://assets.nhle.com/mugs/nhl/20242025/NYR/8477369.png
8480001,Urho,Vaakanainen,Urho Vaakanainen,D,NYR,18.0,https://assets.nhle.com/mugs/nhl/20242025/NYR/8480001.png
8471734,Jonathan,Quick,Jonathan Quick,G,NYR,32.0,https://assets.nhle.com/mugs/nhl/20242025/NYR/8471734.png
8478048,Igor,Shesterkin,Igor Shesterkin,G,NYR,31.0,https://assets.nhle.com/mugs/nhl/20242025/NYR/8478048.png
8482496,Nils,Aman,Nils Aman,C,VAN,88.0,https://assets.nhle.com/mugs/nhl/20242025/VAN/8482496.png
8476927,Teddy,Blueger,Teddy Blueger,C,VAN,53.0,https://assets.nhle.com/mugs/nhl/20242025/VAN/8476927.png
8478444,Brock,Boeser,Brock Boeser,R,VAN,6.0,https://assets.nhle.com/mugs/nhl/20242025/VAN/8478444.png
8480078,Filip,Chytil,Filip Chytil,C,VAN,72.0,https://assets.nhle.com/mugs/nhl/20242025/VAN/8480078.png
8478498,Jake,DeBrusk,Jake DeBrusk,L,VAN,74.0,https://assets.nhle.com/mugs/nhl/20242025/VAN/8478498.png
8478856,Conor,Garland,Conor Garland,R,VAN,8.0,https://assets.nhle.com/mugs/nhl/20242025/VAN/8478856.png
8481535,Nils,Hoglander,Nils Hoglander,L,VAN,21.0,https://assets.nhle.com/mugs/nhl/20242025/VAN/8481535.png
8478057,Dakota,Joshua,Dakota Joshua,C,VAN,81.0,https://assets.nhle.com/mugs/nhl/20242025/VAN/8478057.png
8475169,Evander,Kane,Evander Kane,L,VAN,,https://assets.nhle.com/mugs/nhl/20242025/VAN/8475169.png
8482055,Drew,O'Connor,Drew O'Connor,L,VAN,18.0,https://assets.nhle.com/mugs/nhl/20242025/VAN/8482055.png
8480012,Elias,Pettersson,Elias Pettersson,C,VAN,40.0,https://assets.nhle.com/mugs/nhl/20242025/VAN/8480012.png
8480748,Kiefer,Sherwood,Kiefer Sherwood,L,VAN,44.0,https://assets.nhle.com/mugs/nhl/20242025/VAN/8480748.png
8480459,Pius,Suter,Pius Suter,C,VAN,24.0,https://assets.nhle.com/mugs/nhl/20242025/VAN/8480459.png
8475762,Derek,Forbort,Derek Forbort,D,VAN,27.0,https://assets.nhle.com/mugs/nhl/20242025/VAN/8475762.png
8479425,Filip,Hronek,Filip Hronek,D,VAN,17.0,https://assets.nhle.com/mugs/nhl/20242025/VAN/8479425.png
8480800,Quinn,Hughes,Quinn Hughes,D,VAN,43.0,https://assets.nhle.com/mugs/nhl/20242025/VAN/8480800.png
8478454,Noah,Juulsen,Noah Juulsen,D,VAN,47.0,https://assets.nhle.com/mugs/nhl/20242025/VAN/8478454.png
8474574,Tyler,Myers,Tyler Myers,D,VAN,57.0,https://assets.nhle.com/mugs/nhl/20242025/VAN/8474574.png
8483678,Elias,Pettersson,Elias Pettersson,D,VAN,25.0,https://assets.nhle.com/mugs/nhl/20242025/VAN/8483678.png
8477969,Marcus,Pettersson,Marcus Pettersson,D,VAN,29.0,https://assets.nhle.com/mugs/nhl/20242025/VAN/8477969.png
8477967,Thatcher,Demko,Thatcher Demko,G,VAN,35.0,https://assets.nhle.com/mugs/nhl/20242025/VAN/8477967.png
8480947,Kevin,Lankinen,Kevin Lankinen,G,VAN,32.0,https://assets.nhle.com/mugs/nhl/20242025/VAN/8480947.png
